Document,Topic,Weight
0,0,0.8960202
1,3,0.85471153
2,0,0.8983909
3,0,0.8950199
4,1,0.4483196
5,0,0.7975372
6,1,0.88080955
7,0,0.637588
8,0,0.53296876
9,0,0.71897316
10,1,0.899484
11,3,0.89242804
12,1,0.9226243
13,3,0.91753143
14,0,0.8906443
15,1,0.9187184
16,0,0.87499875
17,0,0.8814197
18,0,0.90481544
19,1,0.60852605
20,2,0.8489143
21,1,0.5117873
22,0,0.88249487
23,0,0.7771042
24,1,0.8759271
25,2,0.65495497
26,1,0.9233811
27,0,0.62163335
28,1,0.6192308
29,2,0.8593809
30,0,0.8706542
31,0,0.5243065
32,0,0.50154763
33,1,0.8797829
34,2,0.5666414
35,0,0.87578136
36,0,0.89031965
37,1,0.8552495
38,3,0.6282298
39,2,0.5241787
40,0,0.91130364
41,0,0.89593816
42,2,0.47487384
43,3,0.7734385
44,0,0.9119094
45,0,0.87789315
46,2,0.55322427
47,1,0.59850687
48,2,0.48124218
49,0,0.5346625
50,3,0.8645894
51,0,0.6982218
52,3,0.67708147
53,0,0.57474375
54,0,0.93373793
55,1,0.74136895
56,1,0.86981225
57,0,0.91290504
58,0,0.8590829
59,0,0.90965426
60,3,0.8672457
61,1,0.8678332
62,0,0.56700057
63,3,0.8337539
64,0,0.8686527
65,2,0.6786908
66,3,0.8250634
67,0,0.67386234
68,0,0.8779247
69,0,0.8675168
70,3,0.8873983
71,0,0.8341565
72,3,0.8812502
73,0,0.85589045
74,0,0.9137772
75,2,0.92545533
76,1,0.5343017
77,0,0.9304925
78,1,0.78065044
79,0,0.7138799
80,3,0.8884761
81,0,0.5106898
82,0,0.89548683
83,0,0.62624943
84,3,0.4779816
85,1,0.71074045
86,1,0.8572863
87,0,0.85907423
88,1,0.49403554
89,0,0.8910705
90,0,0.89649594
91,1,0.87876964
92,0,0.8473529
93,0,0.8924432
94,2,0.8790225
95,0,0.61581546
96,0,0.9048624
97,0,0.8913254
98,0,0.9265052
99,0,0.67181766
100,3,0.82111186
101,3,0.7507431
102,0,0.81908125
103,0,0.90834093
104,3,0.88049304
105,0,0.79820687
106,1,0.8912816
107,1,0.89325285
108,0,0.84220016
109,1,0.5657257
110,0,0.80983764
111,2,0.4620899
112,3,0.49703726
113,1,0.5304983
114,0,0.9008948
115,3,0.8705107
116,1,0.88388157
117,1,0.47632626
118,0,0.9056565
119,0,0.6821837
120,1,0.4699101
121,3,0.91017604
122,1,0.8674475
123,1,0.89587533
124,3,0.70179355
125,1,0.8597733
126,0,0.89194584
127,0,0.86232626
128,0,0.58434886
129,3,0.48166555
130,1,0.8168405
131,0,0.6432376
132,3,0.5382413
133,3,0.90325874
134,1,0.8704821
135,1,0.5269584
136,0,0.82278085
137,2,0.6561859
138,1,0.5291094
139,2,0.5809381
140,1,0.7244958
141,2,0.880157
142,0,0.53419423
143,2,0.9073975
144,0,0.90346074
145,2,0.9094066
146,0,0.87061846
147,1,0.6016607
148,0,0.7634902
149,0,0.5733298
150,1,0.8196483
151,0,0.8893444
152,0,0.55032986
153,3,0.8846276
154,0,0.779766
155,2,0.87268406
156,1,0.8462263
157,3,0.88629735
158,0,0.8424952
159,0,0.699231
160,2,0.47271633
161,0,0.8584757
162,1,0.47911826
163,0,0.68529016
164,0,0.88171345
165,2,0.81972545
166,1,0.89329123
167,3,0.86472183
168,0,0.9104812
169,0,0.56607974
170,0,0.8759382
171,2,0.866166
172,3,0.8269567
173,0,0.4165586
174,2,0.85338163
175,0,0.63763535
176,1,0.779058
177,0,0.8359961
178,0,0.90314436
179,3,0.582627
180,0,0.7774447
181,3,0.8642607
182,1,0.90545416
183,0,0.8180504
184,0,0.5348944
185,1,0.88167
186,0,0.59252447
187,1,0.8950157
188,0,0.8943579
189,1,0.53102005
190,1,0.86260164
191,3,0.57479256
192,0,0.7971439
193,0,0.8763996
194,0,0.87622696
195,0,0.9286947
196,2,0.8589174
197,1,0.8936271
198,0,0.903708
199,3,0.84548306
200,3,0.5329909
201,0,0.88631994
202,3,0.60572356
203,0,0.47668284
204,2,0.8635385
205,0,0.87078124
206,3,0.87892437
207,0,0.8654018
208,3,0.6865297
209,2,0.8798308
210,0,0.924456
211,0,0.85550314
212,2,0.89878917
213,2,0.8604731
214,2,0.90546584
215,0,0.6439743
216,1,0.8507291
217,0,0.89162725
218,0,0.84841293
219,0,0.91550493
220,0,0.5512047
221,3,0.75103664
222,1,0.9110234
223,0,0.51858205
224,0,0.892903
225,0,0.37946686
226,0,0.7623531
227,0,0.7023692
228,1,0.86159486
229,0,0.9098834
230,0,0.818391
231,2,0.86381733
232,3,0.72830266
233,0,0.6321789
234,0,0.88661516
235,0,0.9066494
236,0,0.7411473
237,0,0.6093134
238,3,0.5362067
239,0,0.83065104
240,0,0.9038318
241,1,0.914481
242,0,0.5656308
243,3,0.9062368
244,0,0.7008935
245,3,0.51160526
246,0,0.8835477
247,3,0.8906391
248,3,0.8634592
249,0,0.40790895
250,0,0.6076956
251,3,0.60795015
252,1,0.8881566
253,0,0.88445836
254,2,0.7230026
255,0,0.9132367
256,0,0.9003645
257,0,0.9083969
258,1,0.92532694
259,0,0.5015252
260,0,0.8486031
261,2,0.77013725
262,0,0.8034764
263,1,0.4932889
264,1,0.8884807
265,0,0.86199594
266,0,0.8959838
267,1,0.5999362
268,2,0.48704404
269,1,0.873391
270,1,0.56282145
271,1,0.77169067
272,2,0.47576904
273,3,0.8526668
274,1,0.88624716
275,0,0.9424244
276,0,0.8824425
277,0,0.8046517
278,2,0.8815705
279,0,0.9228947
280,2,0.8533204
281,2,0.8722137
282,0,0.4780595
283,0,0.8130754
284,1,0.9047438
285,3,0.7994064
286,0,0.9041837
287,0,0.8470137
288,0,0.66076994
289,0,0.52481604
290,0,0.890079
291,2,0.9266346
292,1,0.8929577
293,0,0.9046116
294,2,0.6506022
295,1,0.53601485
296,0,0.49240497
297,0,0.8571922
298,0,0.88346344
299,0,0.90478796
300,0,0.9179164
301,0,0.8932522
302,0,0.61847585
303,2,0.5723927
304,1,0.86350983
305,2,0.5383072
306,2,0.84137493
307,1,0.8468685
308,3,0.8602545
309,0,0.65151936
310,1,0.7507536
311,0,0.6745188
312,0,0.9022979
313,0,0.5150363
314,3,0.84676576
315,0,0.55202985
316,3,0.8616561
317,3,0.8834355
318,3,0.8785708
319,2,0.8836176
320,3,0.88934016
321,0,0.5194287
322,0,0.88959646
323,1,0.47514862
324,3,0.514256
325,1,0.4920129
326,0,0.92367196
327,0,0.47673437
328,0,0.6746961
329,0,0.8976144
330,0,0.48764747
331,0,0.46911225
332,0,0.8923265
333,3,0.66944766
334,1,0.8314441
335,0,0.58960456
336,0,0.39095852
337,0,0.91261905
338,0,0.91982055
339,2,0.8871034
340,2,0.895343
341,0,0.52648145
342,0,0.49162126
343,3,0.8459483
344,0,0.8726141
345,1,0.8817809
346,2,0.38226
347,0,0.8285313
348,0,0.6958479
349,0,0.93107
350,0,0.7983659
351,2,0.89997673
352,0,0.6639619
353,3,0.58714813
354,3,0.8325628
355,3,0.89808965
356,3,0.5250218
357,0,0.89363265
358,2,0.8037607
359,1,0.677699
360,0,0.46729663
361,1,0.6496243
362,1,0.6284143
363,0,0.9043548
364,0,0.922286
365,0,0.8980148
366,0,0.61345935
367,1,0.5561774
368,0,0.9193317
369,3,0.8161784
370,0,0.54982674
371,0,0.75654227
372,0,0.67085904
373,2,0.5997174
374,0,0.8953408
375,1,0.5060865
376,3,0.48961702
377,0,0.8966777
378,0,0.87386405
379,3,0.8623234
380,0,0.56139845
381,0,0.5148693
382,0,0.8591474
383,0,0.8917923
384,0,0.71822006
385,0,0.91742224
386,3,0.9054807
387,1,0.51332104
388,2,0.8061565
389,0,0.57563174
390,0,0.6965011
391,0,0.8515649
392,0,0.9147206
393,0,0.9174185
394,3,0.70657116
395,2,0.89720654
396,3,0.8933556
397,1,0.6282086
398,0,0.8694676
399,0,0.66059923
400,1,0.91316235
401,1,0.87027425
402,1,0.84535885
403,1,0.72154695
404,0,0.52687293
405,3,0.4636736
406,0,0.71953064
407,2,0.8539221
408,1,0.6943973
409,3,0.8867442
410,0,0.9101228
411,0,0.5240204
412,0,0.53229165
413,0,0.76976913
414,0,0.6002716
415,0,0.473524
416,0,0.51809645
417,3,0.90024793
418,3,0.87586623
419,2,0.9282355
420,0,0.5181036
421,0,0.9001989
422,1,0.85708827
423,1,0.45871666
424,3,0.913724
425,3,0.9155439
426,3,0.57659006
427,3,0.51911366
428,0,0.90375876
429,2,0.9231807
430,3,0.873961
431,3,0.8505309
432,3,0.88559747
433,1,0.86324745
434,0,0.70608383
435,0,0.6130062
436,1,0.87331754
437,1,0.8815695
438,0,0.48153472
439,2,0.5590897
440,1,0.49118194
441,3,0.5997008
442,3,0.6512037
443,2,0.9167495
444,0,0.89557165
445,0,0.5347571
446,1,0.8923797
447,0,0.86776954
448,2,0.90116364
449,1,0.7246913
450,1,0.8781499
451,3,0.66311204
452,0,0.874365
453,3,0.7554474
454,3,0.897094
455,1,0.87945837
456,3,0.5661716
457,3,0.90983826
458,3,0.9184111
459,1,0.49807772
460,3,0.8617198
461,1,0.89708376
462,1,0.8361737
463,1,0.89996094
464,2,0.5830027
465,3,0.87460595
466,1,0.8889761
467,2,0.66621536
468,0,0.8075591
469,1,0.4911866
470,0,0.6928651
471,0,0.8164414
472,0,0.8170928
473,0,0.5785135
474,0,0.90530485
475,1,0.49745238
476,3,0.5949776
477,2,0.47792125
478,1,0.8722606
479,2,0.90531695
480,0,0.6155404
481,0,0.86466986
482,2,0.6632128
483,2,0.9066701
484,0,0.56470007
485,3,0.7588607
486,0,0.9073941
487,3,0.82849866
488,3,0.8958774
489,0,0.90553576
490,0,0.8965656
491,0,0.6013047
492,0,0.47279012
493,1,0.65639
494,1,0.6430556
495,0,0.54234505
496,1,0.87010807
497,0,0.8700164
498,1,0.91611487
499,0,0.8197394
500,2,0.4732025
501,1,0.7934576
502,0,0.59358025
503,0,0.7283868
504,0,0.87982804
505,1,0.87212944
506,2,0.8476575
507,0,0.59251696
508,2,0.88246787
509,0,0.57978576
510,1,0.74827486
511,1,0.6229041
512,2,0.90016705
513,0,0.4781601
514,0,0.9073645
515,3,0.78997064
516,0,0.47261643
517,0,0.83045
518,0,0.8923609
519,0,0.919349
520,1,0.46794993
521,0,0.84115744
522,0,0.8716451
523,3,0.58676493
524,0,0.93362194
525,0,0.8674076
526,0,0.47885042
527,3,0.8768004
528,1,0.8676556
529,1,0.4003049
530,3,0.7295769
531,2,0.8897247
532,2,0.77620304
533,2,0.92023313
534,3,0.8971562
535,1,0.67543876
536,0,0.4789629
537,3,0.8968005
538,3,0.5654702
539,1,0.8508379
540,0,0.86915
541,3,0.8545325
542,2,0.6405624
543,0,0.87665564
544,1,0.509489
545,2,0.49697778
546,3,0.82687044
547,2,0.9013605
548,2,0.89287263
549,1,0.5312001
550,1,0.7133634
551,3,0.90587556
552,0,0.5592107
553,0,0.92894447
554,1,0.50689954
555,0,0.9226096
556,0,0.6201964
557,2,0.5619941
558,0,0.91101784
559,0,0.6185435
560,2,0.8552008
561,0,0.8949203
562,0,0.8912628
563,1,0.8869106
564,1,0.5294695
565,2,0.8847245
566,0,0.8519914
567,0,0.90773803
568,0,0.871782
569,3,0.83905613
570,2,0.9279035
571,0,0.71846294
572,0,0.9007409
573,0,0.5081286
574,0,0.5905152
575,1,0.9172622
576,2,0.88120127
577,3,0.73192716
578,1,0.92111313
579,0,0.9015118
580,1,0.61623186
581,0,0.92860216
582,0,0.7890592
583,1,0.6233285
584,1,0.62489325
585,0,0.4810291
586,3,0.85793173
587,0,0.87411743
588,0,0.71074444
589,0,0.6435449
590,0,0.8985595
591,3,0.86257
592,2,0.55709475
593,0,0.850228
594,0,0.89106065
595,1,0.9224225
596,2,0.70017874
597,0,0.8458573
598,2,0.9354006
599,3,0.86828506
600,1,0.8663425
601,0,0.9003216
602,0,0.79462606
603,0,0.9323779
604,1,0.88586444
605,1,0.61916447
606,0,0.67055213
607,1,0.46447992
608,1,0.7888405
609,0,0.58067137
610,0,0.89005023
611,0,0.6029941
612,3,0.85765886
613,2,0.9220195
614,2,0.8616717
615,1,0.54797405
616,0,0.56773555
617,0,0.8449508
618,0,0.8704242
619,0,0.8949021
620,0,0.9058771
621,2,0.66271335
622,0,0.70987
623,2,0.9123936
624,1,0.8718385
625,0,0.87876374
626,1,0.5549437
627,0,0.86644137
628,2,0.62299216
629,0,0.753529
630,1,0.878525
631,0,0.90175843
632,0,0.49587703
633,3,0.48772708
634,0,0.7185917
635,0,0.86018807
636,0,0.9255928
637,0,0.90501934
638,2,0.5608844
639,0,0.70746785
640,0,0.83319825
641,1,0.5931061
642,2,0.50278234
643,0,0.5027413
644,0,0.6065181
645,2,0.86583143
646,3,0.48752847
647,0,0.61266047
648,0,0.9184887
649,3,0.5067462
650,0,0.75071687
651,3,0.5752527
652,0,0.5358429
653,2,0.59429365
654,0,0.89826703
655,0,0.8321075
656,1,0.42458105
657,1,0.8860296
658,0,0.9168935
659,2,0.8589182
660,0,0.49716374
661,1,0.6716107
662,1,0.793829
663,2,0.9039965
664,0,0.8536612
665,0,0.8188544
666,2,0.49464294
667,1,0.876949
668,0,0.8892489
669,1,0.9011014
670,3,0.92121255
671,0,0.91827023
672,2,0.8369261
673,0,0.89412063
674,3,0.84939086
675,0,0.84022725
676,3,0.9158174
677,0,0.8973167
678,1,0.8846902
679,1,0.8882522
680,3,0.8516919
681,0,0.59286416
682,1,0.85259736
683,0,0.93938625
684,1,0.9043289
685,1,0.8832757
686,0,0.910985
687,2,0.5709056
688,3,0.7993114
689,3,0.9029887
690,3,0.9171242
691,3,0.64407575
692,0,0.8676248
693,0,0.9054804
694,1,0.6161363
695,0,0.8980384
696,3,0.87422746
697,0,0.9089084
698,0,0.723079
699,3,0.8462237
700,3,0.8702075
701,0,0.8793107
702,0,0.8973898
703,1,0.6842834
704,1,0.87271184
705,0,0.50524527
706,0,0.82584536
707,2,0.85220456
708,2,0.8729966
709,2,0.87740767
710,0,0.6112049
711,0,0.7559085
712,2,0.82764435
713,2,0.8889585
714,2,0.71694076
715,3,0.63702315
716,1,0.90131855
717,3,0.76555055
718,1,0.64710176
719,0,0.6090772
720,3,0.8456749
721,0,0.9223363
722,1,0.5972588
723,2,0.60229445
724,0,0.91860455
725,0,0.8276406
726,1,0.9035982
727,1,0.63466763
728,0,0.88965863
729,3,0.59403265
730,0,0.8848643
731,2,0.9266261
732,2,0.8803149
733,0,0.60066116
734,0,0.71725154
735,0,0.6263387
736,2,0.89711773
737,3,0.843546
738,1,0.8707292
739,0,0.4964619
740,0,0.9083505
741,0,0.54692245
742,3,0.6522781
743,0,0.82111675
744,0,0.85306066
745,1,0.8883545
746,1,0.68613094
747,0,0.8538385
748,2,0.8210045
749,3,0.58360124
750,0,0.9226329
751,2,0.89743036
752,0,0.8267572
753,2,0.8970416
754,1,0.6120257
755,1,0.8778303
756,3,0.86302006
757,0,0.48736763
758,2,0.53680134
759,2,0.87711984
760,1,0.7757892
761,0,0.66610146
762,0,0.49952835
763,1,0.5022718
764,0,0.8714245
765,0,0.8861999
766,0,0.91120195
767,0,0.62845397
768,0,0.87224597
769,0,0.7375608
770,2,0.88003457
771,0,0.48841944
772,1,0.91824937
773,3,0.8593646
774,2,0.610956
775,1,0.87018996
776,2,0.81044
777,0,0.92167836
778,2,0.82489336
779,1,0.90894556
780,0,0.9030692
781,0,0.889982
782,3,0.8809799
783,1,0.7247968
784,1,0.90244466
785,1,0.87200505
786,1,0.5625247
787,1,0.41114712
788,2,0.71997595
789,1,0.91165495
790,2,0.8636285
791,1,0.90152115
792,0,0.91632473
793,0,0.8854327
794,1,0.90231043
795,0,0.87376666
796,1,0.9237945
797,0,0.89301115
798,3,0.8797604
799,1,0.45448786
800,0,0.48372123
801,2,0.5967506
802,0,0.68681383
803,1,0.92065054
804,0,0.49854645
805,2,0.6619161
806,1,0.47653535
807,0,0.88177437
808,0,0.5750109
809,2,0.63622344
810,1,0.5148297
811,1,0.646987
812,0,0.9173107
813,0,0.9156523
814,2,0.62250566
815,1,0.60861695
816,0,0.8914113
817,1,0.89610565
818,2,0.8089792
819,2,0.9096064
820,0,0.67051905
821,0,0.61413366
822,0,0.49559462
823,1,0.8643806
824,1,0.9288994
825,2,0.89555186
826,3,0.889817
827,2,0.924431
828,0,0.8550422
829,0,0.60067815
830,0,0.8928179
831,3,0.88072616
832,3,0.91346204
833,3,0.6553995
834,3,0.8865246
835,0,0.897228
836,0,0.92429924
837,3,0.41868657
838,0,0.5733981
839,3,0.53386617
840,3,0.53759724
841,2,0.51548564
842,0,0.880212
843,3,0.9002921
844,1,0.8247063
845,3,0.89714766
846,0,0.93421817
847,1,0.89350855
848,1,0.90952474
849,1,0.84723276
850,0,0.9184921
851,0,0.9016225
852,1,0.60173833
853,2,0.56420153
854,0,0.9018521
855,2,0.85855746
856,1,0.8657162
857,3,0.88984704
858,0,0.8956722
859,0,0.70814705
860,3,0.7814942
861,0,0.533581
862,0,0.48056155
863,0,0.73324203
864,0,0.85964143
865,0,0.861461
866,1,0.55047023
867,1,0.91946805
868,1,0.59936583
869,2,0.91334283
870,3,0.7035098
871,1,0.89530957
872,3,0.5367787
873,1,0.48832616
874,3,0.87433386
875,0,0.90928274
876,1,0.901693
877,1,0.51820064
878,2,0.56679636
879,0,0.5534222
880,2,0.8739496
881,2,0.8749974
882,3,0.6746311
883,0,0.8504105
884,0,0.86654186
885,0,0.8704895
886,0,0.88807863
887,2,0.47545823
888,0,0.59141266
889,0,0.87953526
890,0,0.9141901
891,2,0.64172393
892,1,0.52112716
893,0,0.8432329
894,0,0.69955385
895,0,0.8658752
896,1,0.8835227
897,0,0.86375344
898,0,0.83067876
899,2,0.64178175
900,0,0.8521953
901,0,0.9092825
902,0,0.92028207
903,0,0.6046467
904,1,0.85257804
905,0,0.8796158
906,1,0.9074526
907,3,0.58249855
908,3,0.8697678
909,1,0.9091084
910,0,0.91095996
911,0,0.85534734
912,0,0.9192323
913,1,0.46563253
914,0,0.87507176
915,3,0.8492229
916,1,0.89898986
917,3,0.5964617
918,0,0.9052535
919,3,0.59288853
920,2,0.5371586
921,0,0.6021635
922,0,0.83000773
923,2,0.7804433
924,0,0.5257334
925,0,0.5059635
926,0,0.8568036
927,0,0.9279982
928,1,0.90000623
929,1,0.8936363
930,0,0.47242722
931,0,0.6554801
932,1,0.8752909
933,0,0.5740397
934,0,0.9121846
935,0,0.9137578
936,0,0.82259005
937,1,0.89918804
938,1,0.7781006
939,0,0.9193693
940,1,0.90467966
941,0,0.8805201
942,1,0.8230566
943,0,0.85894024
944,0,0.47574842
945,1,0.8883105
946,2,0.54411006
947,2,0.91263866
948,1,0.866572
949,1,0.53007746
950,1,0.89158
951,0,0.7454614
952,0,0.9089657
953,0,0.8796609
954,0,0.9214944
955,0,0.6566617
956,3,0.8718862
957,2,0.8769718
958,3,0.9129461
959,1,0.88955694
960,0,0.6038977
961,1,0.74263346
962,0,0.884797
963,3,0.8822511
964,1,0.9078245
965,1,0.6688834
966,1,0.5140858
967,0,0.8954643
968,1,0.7178154
969,1,0.8561535
970,0,0.8565176
971,1,0.8812745
972,1,0.83134824
973,0,0.882319
974,0,0.8890933
975,0,0.8700641
976,1,0.861734
977,0,0.8732974
978,0,0.6036325
979,3,0.89611286
980,0,0.8323186
981,1,0.78701025
982,0,0.93062234
983,2,0.8806831
984,1,0.90306383
985,1,0.86898243
986,2,0.5203534
987,3,0.91044635
988,0,0.9123985
989,0,0.9051096
990,3,0.856303
991,0,0.8715615
992,0,0.6753501
993,1,0.9015079
994,1,0.9194804
995,0,0.51949257
996,0,0.60544163
997,1,0.89235586
998,2,0.6718848
999,0,0.90281147
1000,1,0.6482333
1001,0,0.90904033
1002,1,0.8808971
1003,1,0.8631038
1004,0,0.93496823
1005,0,0.59333885
1006,3,0.5605248
1007,0,0.8818906
1008,0,0.5533679
1009,0,0.5350779
1010,2,0.87300086
1011,0,0.8568386
1012,0,0.8464253
1013,2,0.74031115
1014,0,0.78522956
1015,2,0.61465096
1016,0,0.5178698
1017,0,0.85811543
1018,1,0.82701087
1019,3,0.81849784
1020,1,0.8879728
1021,0,0.854257
1022,1,0.47904104
1023,2,0.7724325
1024,0,0.90735525
1025,2,0.6333199
1026,1,0.9123592
1027,3,0.41190103
1028,2,0.555705
1029,1,0.46593392
1030,0,0.9006151
1031,2,0.90002847
1032,0,0.86362875
1033,0,0.7024523
1034,0,0.578422
1035,0,0.89925456
1036,0,0.68852985
1037,2,0.88140035
1038,0,0.8811926
1039,1,0.9025091
1040,2,0.5228764
1041,2,0.8891469
1042,1,0.8608226
1043,0,0.8797063
1044,0,0.6512693
1045,2,0.65159523
1046,0,0.8839972
1047,1,0.8626981
1048,0,0.47122395
1049,0,0.8525718
1050,1,0.90908223
1051,1,0.8644789
1052,0,0.5401193
1053,2,0.9099712
1054,0,0.92340475
1055,0,0.67283034
1056,0,0.5903227
1057,3,0.51183474
1058,0,0.67322946
1059,0,0.54536533
1060,0,0.49657467
1061,0,0.44967914
1062,3,0.8761043
1063,2,0.5634376
1064,0,0.8727999
1065,3,0.89386964
1066,2,0.89364433
1067,2,0.77751195
1068,0,0.8985826
1069,0,0.8985914
1070,0,0.84025615
1071,2,0.7575555
1072,1,0.6615915
1073,1,0.91677225
1074,0,0.8580767
1075,3,0.6149301
1076,1,0.6165358
1077,0,0.78675073
1078,0,0.8939136
1079,2,0.8506372
1080,1,0.8876011
1081,2,0.6763416
1082,3,0.76711154
1083,1,0.5303378
1084,1,0.8835947
1085,0,0.90503854
1086,2,0.884105
1087,0,0.68878263
1088,1,0.89889044
1089,3,0.8466743
1090,0,0.6736376
1091,1,0.90356386
1092,1,0.8764406
1093,0,0.89079046
1094,1,0.88126105
1095,2,0.53506655
1096,0,0.6115462
1097,0,0.8720424
1098,0,0.9171638
1099,1,0.85815006
1100,1,0.91277677
1101,1,0.83880764
1102,0,0.87923145
1103,0,0.86724657
1104,2,0.8621978
1105,3,0.4720396
1106,0,0.90722096
1107,2,0.89816636
1108,0,0.64504385
1109,0,0.7697078
1110,1,0.75368154
1111,1,0.8886258
1112,1,0.8890846
1113,0,0.46363837
1114,2,0.89351255
1115,3,0.87888336
1116,1,0.4874537
1117,1,0.5746047
1118,0,0.8815117
1119,1,0.8856664
1120,2,0.9309607
1121,1,0.8392723
1122,0,0.54563534
1123,1,0.91564333
1124,2,0.86774635
1125,2,0.4701142
1126,1,0.9036427
1127,1,0.91452
1128,0,0.68632716
1129,0,0.91323686
1130,0,0.6523934
1131,1,0.9229311
1132,1,0.7352599
1133,1,0.8700047
1134,0,0.53807193
1135,1,0.85908145
1136,3,0.43504843
1137,1,0.49353358
1138,0,0.86127573
1139,0,0.8765232
1140,0,0.5915493
1141,0,0.8965777
1142,1,0.85073537
1143,1,0.90437996
1144,0,0.9172909
1145,0,0.7449729
1146,1,0.88994586
1147,1,0.58534914
1148,1,0.8543805
1149,0,0.51480883
1150,0,0.8873827
1151,1,0.8799883
1152,0,0.9160263
1153,1,0.91300476
1154,0,0.72012335
1155,0,0.5830064
1156,0,0.8614129
1157,2,0.62295574
1158,0,0.9142851
1159,0,0.8504949
1160,0,0.57359904
1161,1,0.8787016
1162,0,0.85069317
1163,1,0.39469993
1164,0,0.7702854
1165,3,0.53960085
1166,1,0.7118781
1167,0,0.903557
1168,2,0.8907777
1169,0,0.63737917
1170,1,0.84008855
1171,0,0.52735436
1172,1,0.6208666
1173,2,0.53016716
1174,1,0.89056367
1175,1,0.88164836
1176,1,0.6316215
1177,1,0.8316946
1178,1,0.9099341
1179,1,0.79401815
1180,0,0.8939663
1181,1,0.77657187
1182,0,0.8828926
1183,1,0.91085684
1184,2,0.59049743
1185,2,0.66923356
1186,2,0.91143787
1187,0,0.88070965
1188,3,0.69863087
1189,1,0.91657734
1190,3,0.6000416
1191,0,0.90820473
1192,1,0.90883565
1193,0,0.594011
1194,0,0.7821706
1195,3,0.8543566
1196,0,0.50285476
1197,0,0.5782754
1198,2,0.9139891
1199,2,0.5079579
1200,2,0.91608
1201,2,0.9144356
1202,1,0.5273221
1203,1,0.57057875
1204,1,0.47332928
1205,3,0.46127367
1206,1,0.59902185
1207,0,0.8289441
1208,3,0.6715426
1209,0,0.8727575
1210,1,0.6205154
1211,0,0.8390016
1212,0,0.55883795
1213,0,0.90400976
1214,1,0.68967056
1215,3,0.87016386
1216,1,0.7517405
1217,0,0.7753772
1218,1,0.62335694
1219,0,0.5812209
1220,1,0.8882328
1221,1,0.9104542
1222,1,0.8822906
1223,1,0.8765332
1224,0,0.6410723
1225,1,0.87847376
1226,0,0.8079243
1227,0,0.87018156
1228,1,0.8842096
1229,2,0.49314758
1230,0,0.4104759
1231,2,0.46514988
1232,0,0.46606505
1233,3,0.62670434
1234,2,0.88216937
1235,3,0.5624816
1236,1,0.88344127
1237,0,0.82992274
1238,3,0.61355186
1239,1,0.88645107
1240,0,0.9250297
1241,3,0.90916747
1242,0,0.768686
1243,1,0.61642826
1244,2,0.5870359
1245,1,0.5441936
1246,0,0.5340158
1247,1,0.91290545
1248,1,0.9157007
1249,0,0.9176765
1250,3,0.9115105
1251,0,0.79243326
1252,0,0.62982124
1253,0,0.6233481
1254,1,0.880797
1255,1,0.9013289
1256,1,0.87397915
1257,3,0.85282433
1258,2,0.49558997
1259,0,0.6454293
1260,1,0.5221379
1261,1,0.9091398
1262,1,0.6463517
1263,1,0.84103096
1264,1,0.9106716
1265,0,0.90406865
1266,3,0.8863929
1267,3,0.9084125
1268,0,0.87386674
1269,0,0.9149499
1270,0,0.7337393
1271,1,0.8571366
1272,0,0.8983826
1273,1,0.58240086
1274,1,0.6470067
1275,0,0.8664767
1276,1,0.8691382
1277,1,0.8960842
1278,1,0.89768416
1279,1,0.794122
1280,0,0.87419003
1281,1,0.75484234
1282,0,0.8776108
1283,1,0.71869427
1284,1,0.87793225
1285,1,0.877331
1286,0,0.8599109
1287,0,0.52922255
1288,0,0.89473766
1289,0,0.65115947
1290,0,0.8855935
1291,1,0.8989523
1292,1,0.78163826
1293,0,0.9378519
1294,0,0.9285355
1295,2,0.5006115
1296,0,0.56874824
1297,0,0.48655662
1298,1,0.54828644
1299,1,0.55363095
1300,1,0.92075145
1301,3,0.52172714
1302,1,0.9107344
1303,1,0.9229057
1304,2,0.72832733
1305,0,0.7120958
1306,1,0.91910434
1307,0,0.8932615
1308,0,0.72333133
1309,2,0.9072337
1310,1,0.91124004
1311,3,0.52201843
1312,2,0.8651305
1313,1,0.8118124
1314,2,0.9277877
1315,3,0.5996855
1316,0,0.3789355
1317,1,0.91909826
1318,0,0.73563457
1319,1,0.91234905
1320,0,0.90650547
1321,0,0.48024884
1322,0,0.877788
1323,1,0.8369416
1324,0,0.8584472
1325,3,0.8533615
1326,0,0.827021
1327,1,0.84592277
1328,0,0.93117404
1329,0,0.6002238
1330,1,0.56014556
1331,2,0.4853439
1332,2,0.8712974
1333,1,0.9073879
1334,0,0.867881
1335,1,0.85670805
1336,0,0.9025088
1337,1,0.89201915
1338,0,0.79124135
1339,3,0.6828084
1340,0,0.90196306
1341,0,0.85292006
1342,0,0.48926416
1343,2,0.873926
1344,0,0.8883574
1345,0,0.80377406
1346,3,0.7956494
1347,0,0.7151989
1348,2,0.45395833
1349,2,0.5645847
1350,1,0.6433455
1351,1,0.53927094
1352,1,0.54758143
1353,0,0.93535835
1354,0,0.54932976
1355,0,0.91578674
1356,0,0.8091566
1357,1,0.84618115
1358,0,0.7471554
1359,0,0.58830196
1360,0,0.822116
1361,0,0.911504
1362,0,0.7471618
1363,2,0.886635
1364,0,0.85983175
1365,0,0.6394703
1366,0,0.49269268
1367,1,0.91596675
1368,3,0.8648206
1369,1,0.8398341
1370,2,0.52675587
1371,1,0.8956391
1372,0,0.47003874
1373,0,0.82800424
1374,0,0.8691375
1375,0,0.8914358
1376,3,0.80586463
1377,0,0.8254771
1378,2,0.8996953
1379,1,0.6125073
1380,3,0.5218677
1381,1,0.63711834
1382,2,0.47907093
1383,3,0.8242309
1384,1,0.88958406
1385,3,0.83195406
1386,2,0.9369104
1387,3,0.855744
1388,2,0.8714162
1389,0,0.746106
1390,0,0.842702
1391,2,0.65956944
1392,2,0.58236974
1393,2,0.73314387
1394,0,0.89053684
1395,0,0.8489072
1396,0,0.89509964
1397,2,0.8819668
1398,1,0.7073069
1399,0,0.84959316
1400,0,0.55053246
1401,2,0.8579943
1402,1,0.62704915
1403,0,0.47464913
1404,0,0.8128077
1405,1,0.88679343
1406,1,0.6206957
1407,1,0.8701225
1408,2,0.5508287
1409,0,0.8802488
1410,1,0.89726424
1411,1,0.79143673
1412,1,0.52310663
1413,0,0.88991123
1414,1,0.4837277
1415,1,0.88226235
1416,0,0.91618586
1417,1,0.88684505
1418,2,0.8998734
1419,3,0.65930676
1420,0,0.7196547
1421,0,0.87036914
1422,2,0.9252022
1423,2,0.92451525
1424,3,0.82324433
1425,2,0.7998417
1426,2,0.8857679
1427,0,0.86537826
1428,0,0.5502398
1429,0,0.468788
1430,0,0.8821173
1431,0,0.9321188
1432,1,0.4777663
1433,0,0.9061896
1434,0,0.6414668
1435,0,0.60639584
1436,0,0.8745073
1437,3,0.8621688
1438,1,0.8549111
1439,1,0.67643565
1440,1,0.7053187
1441,1,0.8832804
1442,1,0.8935769
1443,3,0.6118373
1444,2,0.8453471
1445,0,0.87033504
1446,1,0.8620991
1447,1,0.80057216
1448,1,0.8996488
1449,1,0.84408206
1450,1,0.8742257
1451,1,0.9181663
1452,0,0.88024074
1453,0,0.78090286
1454,0,0.85171735
1455,1,0.89193124
1456,0,0.8701547
1457,0,0.63119847
1458,1,0.8954162
1459,2,0.823427
1460,0,0.92316866
1461,0,0.8908997
1462,1,0.7589447
1463,2,0.89611423
1464,2,0.824392
1465,0,0.83395195
1466,0,0.8796998
1467,1,0.7444019
1468,0,0.62960315
1469,3,0.66594434
1470,3,0.8790393
1471,0,0.568713
1472,0,0.63379335
1473,0,0.85655797
1474,2,0.47025368
1475,3,0.6853329
1476,2,0.8961655
1477,0,0.8547451
1478,2,0.9293477
1479,2,0.63895935
1480,2,0.87887174
1481,3,0.88281906
1482,0,0.713007
1483,0,0.4863898
1484,1,0.8814044
1485,0,0.6895475
1486,0,0.5051689
1487,2,0.8581836
1488,0,0.48430386
1489,0,0.8848717
1490,2,0.7353077
1491,3,0.89086825
1492,1,0.89853424
1493,3,0.824047
1494,1,0.9064975
1495,2,0.9096266
1496,1,0.91214234
1497,0,0.7453779
1498,1,0.8573198
1499,0,0.8994928
1500,3,0.8900341
1501,1,0.8927416
1502,1,0.89930326
1503,0,0.5268422
1504,2,0.49464196
1505,0,0.63251346
1506,1,0.49665904
1507,1,0.9017803
1508,0,0.48940104
1509,3,0.8641882
1510,0,0.4786587
1511,3,0.66571516
1512,0,0.7562688
1513,1,0.9157852
1514,1,0.90862757
1515,0,0.6331783
1516,0,0.623518
1517,3,0.57838905
1518,1,0.9132985
1519,0,0.7281882
1520,1,0.86765194
1521,2,0.8560996
1522,2,0.8543776
1523,0,0.8816421
1524,1,0.5803704
1525,0,0.86422956
1526,3,0.52378845
1527,1,0.89552176
1528,1,0.9003065
1529,2,0.9181784
1530,3,0.54011226
1531,1,0.89007884
1532,3,0.49243665
1533,0,0.8966396
1534,2,0.80021966
1535,0,0.534982
1536,0,0.81919557
1537,1,0.61639166
1538,1,0.64740056
1539,0,0.8657999
1540,0,0.7079636
1541,1,0.6651136
1542,1,0.8451693
1543,1,0.8921348
1544,3,0.6525064
1545,1,0.87543017
1546,2,0.44820666
1547,3,0.9231679
1548,1,0.89309555
1549,0,0.62079996
1550,0,0.8063698
1551,3,0.8904011
1552,2,0.5383163
1553,0,0.6647169
1554,1,0.47684246
1555,0,0.66196805
1556,3,0.52658087
1557,0,0.7001985
1558,1,0.8950042
1559,3,0.62001157
1560,1,0.9109496
1561,1,0.9097578
1562,0,0.5445601
1563,0,0.89674574
1564,3,0.58667344
1565,1,0.4796257
1566,1,0.87429
1567,3,0.67380106
1568,1,0.87781394
1569,0,0.859217
1570,1,0.80474347
1571,0,0.90415066
1572,1,0.86368984
1573,3,0.8740341
1574,3,0.8377954
1575,3,0.46685845
1576,1,0.8721662
1577,0,0.8739431
1578,1,0.8850787
1579,1,0.9026326
1580,1,0.8780497
1581,0,0.5597206
1582,3,0.9050489
1583,0,0.58186746
1584,0,0.76434624
1585,3,0.87928146
1586,3,0.9032661
1587,2,0.53076696
1588,2,0.46949685
1589,0,0.9012621
1590,2,0.5556822
1591,1,0.8889191
1592,2,0.5414924
1593,0,0.5728631
1594,1,0.91300726
1595,2,0.9076045
1596,1,0.8483617
1597,1,0.8611615
1598,0,0.88869643
1599,1,0.57803714
1600,1,0.535472
1601,0,0.77013576
1602,2,0.8842366
1603,1,0.8711758
1604,1,0.5311918
1605,3,0.47021282
1606,2,0.4802511
1607,1,0.91067344
1608,0,0.6401309
1609,1,0.9174693
1610,0,0.47616598
1611,3,0.8730432
1612,3,0.52076256
1613,2,0.5201787
1614,2,0.46581748
1615,1,0.5940245
1616,1,0.52820534
1617,3,0.42123714
1618,2,0.8876858
1619,0,0.8976854
1620,0,0.66842985
1621,0,0.6167654
1622,0,0.85886157
1623,1,0.8027967
1624,0,0.8362226
1625,0,0.81325746
1626,0,0.51111966
1627,1,0.65516907
1628,1,0.9160849
1629,0,0.48168963
1630,0,0.8851555
1631,0,0.8776091
1632,0,0.9194874
1633,1,0.552705
1634,0,0.8912124
1635,1,0.86607087
1636,2,0.9201053
1637,0,0.8840376
1638,1,0.90359664
1639,0,0.9099582
1640,1,0.8633237
1641,3,0.634556
1642,3,0.90530884
1643,2,0.92357564
1644,1,0.5256657
1645,0,0.8635149
1646,0,0.4726969
1647,1,0.8608894
1648,0,0.7483344
1649,3,0.77388996
1650,1,0.87457687
1651,1,0.53748673
1652,0,0.9002626
1653,0,0.9127027
1654,0,0.9046223
1655,0,0.59052324
1656,0,0.50896865
1657,1,0.5777183
1658,0,0.88895655
1659,1,0.5977192
1660,2,0.601559
1661,1,0.62624806
1662,1,0.89274824
1663,2,0.47289136
1664,0,0.62413806
1665,3,0.89926106
1666,0,0.5485853
1667,0,0.890753
1668,0,0.60572577
1669,0,0.5634352
1670,0,0.93628234
1671,0,0.49223426
1672,2,0.8845067
1673,0,0.887424
1674,0,0.9028258
1675,3,0.6549001
1676,0,0.88220024
1677,1,0.9001835
1678,0,0.9178936
1679,1,0.8736073
1680,1,0.88552696
1681,1,0.7901156
1682,0,0.92992747
1683,1,0.90718603
1684,3,0.5155905
1685,1,0.89248824
1686,1,0.8748206
1687,0,0.9269021
1688,2,0.8489313
1689,3,0.53578776
1690,1,0.92326015
1691,1,0.8895797
1692,0,0.5712043
1693,3,0.5865001
1694,2,0.9117075
1695,0,0.8975831
1696,1,0.66121876
1697,0,0.89645875
1698,0,0.8037579
1699,0,0.883128
1700,1,0.8703953
1701,0,0.7928526
1702,0,0.9232031
1703,0,0.9227932
1704,0,0.67732143
1705,2,0.6107565
1706,0,0.92689645
1707,1,0.8258667
1708,2,0.8371222
1709,1,0.47736704
1710,2,0.5373502
1711,0,0.8894234
1712,0,0.7737207
1713,0,0.7547397
1714,1,0.5663642
1715,1,0.55472684
1716,1,0.6747781
1717,0,0.6909217
1718,1,0.48371837
1719,1,0.88317144
1720,0,0.9264032
1721,2,0.8826588
1722,0,0.4806503
1723,0,0.91426694
1724,0,0.55499244
1725,1,0.8944971
1726,0,0.89100266
1727,0,0.68422735
1728,0,0.56920433
1729,0,0.48934639
1730,0,0.88402796
1731,1,0.89159775
1732,0,0.82392627
1733,0,0.53838146
1734,0,0.52180904
1735,0,0.87460375
1736,3,0.62771326
1737,1,0.90855134
1738,0,0.67268187
1739,3,0.48462024
1740,0,0.6756803
1741,1,0.745367
1742,1,0.884367
1743,1,0.9047681
1744,0,0.7254073
1745,2,0.9044089
1746,2,0.93232536
1747,1,0.8800849
1748,0,0.9037528
1749,2,0.5503692
1750,1,0.5688274
1751,1,0.9181946
1752,1,0.92499024
1753,2,0.5919794
1754,0,0.80330753
1755,1,0.6119016
1756,3,0.89924806
1757,3,0.88155097
1758,0,0.76182806
1759,0,0.8940224
1760,0,0.88039136
1761,1,0.74655193
1762,0,0.8938127
1763,2,0.7465129
1764,2,0.55039674
1765,2,0.40101424
1766,1,0.56037205
1767,3,0.89741594
1768,2,0.90475136
1769,0,0.6468601
1770,0,0.8948817
1771,3,0.8528071
1772,0,0.9016726
1773,1,0.9146436
1774,0,0.6650439
1775,2,0.8833039
1776,2,0.6213373
1777,3,0.87802136
1778,1,0.6547433
1779,3,0.8868232
1780,3,0.5142039
1781,1,0.5996507
1782,0,0.55566543
1783,2,0.8860052
1784,1,0.87722784
1785,0,0.8815991
1786,2,0.8675792
1787,1,0.84856343
1788,2,0.8442543
1789,0,0.8978137
1790,0,0.86048806
1791,0,0.9171124
1792,1,0.4680219
1793,1,0.48643643
1794,3,0.838886
1795,0,0.7240696
1796,3,0.9260794
1797,0,0.54830796
1798,1,0.59411776
1799,0,0.91752166
1800,0,0.8607348
1801,0,0.65784013
1802,2,0.63695437
1803,0,0.71047735
1804,0,0.8846914
1805,0,0.8991882
1806,1,0.8731334
1807,1,0.8789537
1808,2,0.91327614
1809,0,0.50851375
1810,0,0.8928051
1811,0,0.90601116
1812,0,0.5495998
1813,0,0.93890005
1814,0,0.92150545
1815,2,0.8814262
1816,3,0.90092504
1817,0,0.5443943
1818,0,0.5147046
1819,3,0.80092245
1820,0,0.93388665
1821,1,0.70732945
1822,0,0.49626198
1823,1,0.57536745
1824,2,0.90541446
1825,0,0.8828532
1826,1,0.5451519
1827,0,0.7623683
1828,0,0.7928257
1829,3,0.84587574
1830,2,0.8781462
1831,3,0.6240464
1832,0,0.48400313
1833,0,0.8837909
1834,1,0.9061988
1835,2,0.69338953
1836,1,0.90406454
1837,0,0.9239447
1838,0,0.5447514
1839,0,0.6175455
1840,1,0.9049442
1841,0,0.66755563
1842,2,0.9053144
1843,1,0.52847004
1844,1,0.83686906
1845,0,0.9239016
1846,0,0.7934308
1847,0,0.8731969
1848,0,0.49841857
1849,0,0.8986938
1850,3,0.49174997
1851,0,0.67284703
1852,1,0.88414556
1853,1,0.5569512
1854,0,0.8891999
1855,2,0.8739325
1856,1,0.9133628
1857,0,0.9056903
1858,0,0.9052447
1859,3,0.8988694
1860,1,0.8628213
1861,0,0.8199676
1862,3,0.43995458
1863,0,0.90749484
1864,1,0.91245633
1865,1,0.66095346
1866,0,0.76971126
1867,0,0.89213127
1868,0,0.903993
1869,0,0.9006512
1870,2,0.9170257
1871,1,0.9072265
1872,0,0.67728466
1873,1,0.7873437
1874,1,0.90034735
1875,0,0.8904133
1876,0,0.5926929
1877,2,0.9318446
1878,2,0.65670663
1879,2,0.62287146
1880,0,0.88132817
1881,2,0.90350425
1882,1,0.8415832
1883,0,0.8991338
1884,0,0.92504984
1885,3,0.8615
1886,0,0.89378
1887,1,0.88751453
1888,0,0.91427153
1889,3,0.5943588
1890,0,0.8888245
1891,1,0.90825886
1892,1,0.8527024
1893,0,0.6301013
1894,0,0.79234886
1895,1,0.91017324
1896,1,0.67784154
1897,1,0.464212
1898,1,0.6376169
1899,1,0.8442742
1900,2,0.89768326
1901,3,0.5497683
1902,2,0.89013475
1903,1,0.7604102
1904,0,0.8808226
1905,1,0.8799074
1906,0,0.82881176
1907,3,0.64997333
1908,0,0.8962145
1909,2,0.61260074
1910,0,0.9112576
1911,0,0.53359634
1912,2,0.5296107
1913,1,0.8467514
1914,1,0.9064321
1915,0,0.8631863
1916,1,0.63339883
1917,2,0.8459748
1918,2,0.9077844
1919,0,0.51129174
1920,1,0.89144117
1921,0,0.8010201
1922,0,0.83441335
1923,2,0.9373699
1924,0,0.89812446
1925,0,0.8545996
1926,0,0.91222495
1927,0,0.61787254
1928,0,0.9111972
1929,0,0.8925038
1930,1,0.93136966
1931,0,0.8425424
1932,1,0.82233393
1933,0,0.89699626
1934,0,0.922373
1935,0,0.53865284
1936,3,0.9194251
1937,0,0.73540455
1938,0,0.92290795
1939,1,0.8697395
1940,2,0.8929039
1941,0,0.62600565
1942,0,0.6172834
1943,2,0.7987012
1944,0,0.5155777
1945,0,0.87549835
1946,1,0.8741022
1947,0,0.69852436
1948,1,0.90179694
1949,0,0.52009565
1950,2,0.6503471
1951,1,0.91044223
1952,0,0.90113556
1953,0,0.5397696
1954,2,0.47799206
1955,2,0.50905484
1956,0,0.47907266
1957,2,0.5416699
1958,3,0.47282448
1959,0,0.91642904
1960,1,0.8514916
1961,0,0.5603664
1962,0,0.886172
1963,2,0.57397795
1964,1,0.8931081
1965,1,0.8974558
1966,0,0.91091764
1967,1,0.8424904
1968,0,0.91425556
1969,1,0.90805715
1970,1,0.6031083
1971,0,0.70845973
1972,2,0.88773894
1973,1,0.57538015
1974,0,0.92138153
1975,1,0.89932555
1976,0,0.9097123
1977,0,0.5065515
1978,1,0.86702406
1979,2,0.48153362
1980,0,0.5385516
1981,0,0.69338834
1982,2,0.67905736
1983,2,0.90793604
1984,1,0.8988879
1985,1,0.69963044
1986,1,0.5801775
1987,1,0.88177484
1988,0,0.9053656
1989,2,0.7191882
1990,0,0.50002724
1991,0,0.8706712
1992,0,0.51040864
1993,1,0.5041258
1994,1,0.83833236
1995,0,0.64818114
1996,0,0.47965223
1997,3,0.91858554
1998,1,0.64377034
1999,1,0.5185677
2000,0,0.93617356
2001,0,0.9021962
2002,3,0.890715
2003,0,0.5500626
2004,1,0.79395086
2005,2,0.8919405
2006,1,0.90470636
2007,2,0.8656869
2008,1,0.891268
2009,0,0.69553244
2010,0,0.8615482
2011,0,0.9080235
2012,2,0.8933674
2013,1,0.910144
2014,0,0.6055199
2015,0,0.9059604
2016,1,0.847205
2017,1,0.888548
2018,0,0.78611076
2019,0,0.8814506
2020,0,0.82826114
2021,1,0.7075438
2022,1,0.54111916
2023,2,0.885938
2024,2,0.49841386
2025,0,0.40078235
2026,0,0.48946333
2027,1,0.6561421
2028,1,0.8223469
2029,0,0.8790619
2030,1,0.85969937
2031,3,0.88547283
2032,0,0.917849
2033,0,0.9060447
2034,1,0.87781423
2035,0,0.9390061
2036,0,0.54969835
2037,3,0.64249873
2038,1,0.87686986
2039,1,0.5999264
2040,2,0.91575235
2041,0,0.9040782
2042,0,0.7663199
2043,0,0.8748803
2044,2,0.67509854
2045,2,0.6737619
2046,1,0.61254555
2047,1,0.547858
2048,0,0.86322534
2049,2,0.5784218
2050,2,0.91624105
2051,1,0.9063133
2052,2,0.901677
2053,0,0.91152626
2054,1,0.5293774
2055,3,0.87213784
2056,1,0.87704664
2057,0,0.66294795
2058,2,0.90769553
2059,1,0.9160252
2060,1,0.87105554
2061,1,0.8843128
2062,2,0.89702314
2063,3,0.8281033
2064,1,0.9291525
2065,2,0.49811068
2066,0,0.8706529
2067,2,0.5138612
2068,2,0.9231771
2069,3,0.8695754
2070,0,0.89657575
2071,0,0.91546637
2072,0,0.48594823
2073,0,0.9210755
2074,0,0.6055387
2075,1,0.56408846
2076,1,0.7039229
2077,0,0.5378154
2078,0,0.9296962
2079,1,0.9297675
2080,2,0.53064877
2081,3,0.5871414
2082,0,0.56465125
2083,1,0.90340686
2084,0,0.90551645
2085,0,0.92076695
2086,0,0.42106593
2087,0,0.8855911
2088,0,0.88340896
2089,3,0.8429331
2090,0,0.94093853
2091,1,0.86404896
2092,1,0.8905215
2093,0,0.87985295
2094,0,0.5380767
2095,1,0.7097816
2096,0,0.91593385
2097,1,0.9051447
2098,2,0.9413191
2099,1,0.8688048
2100,3,0.87079364
2101,1,0.54017234
2102,3,0.9111315
2103,2,0.71327025
2104,0,0.7817748
2105,0,0.59131527
2106,3,0.47308278
2107,1,0.82769984
2108,0,0.85621
2109,1,0.6397007
2110,3,0.84301734
2111,1,0.6448214
2112,0,0.88413537
2113,1,0.91711086
2114,1,0.89097226
2115,1,0.70127016
2116,2,0.5055258
2117,1,0.63346994
2118,1,0.893234
2119,1,0.9147589
2120,1,0.6946635
2121,0,0.5644409
2122,0,0.90090877
2123,3,0.88277
2124,1,0.84242356
2125,0,0.65663934
2126,1,0.734751
2127,1,0.90410876
2128,2,0.8315735
2129,2,0.49361625
2130,3,0.89793664
2131,0,0.9124558
2132,2,0.71773595
2133,3,0.8742384
2134,0,0.87559843
2135,1,0.8641303
2136,2,0.887414
2137,0,0.8975675
2138,3,0.910775
2139,3,0.72258
2140,1,0.42967907
2141,2,0.6711595
2142,2,0.83533806
2143,2,0.7564096
2144,3,0.88053197
2145,2,0.8894725
2146,1,0.8788912
2147,0,0.8888752
2148,0,0.5302471
2149,2,0.4761515
2150,0,0.5191364
2151,0,0.7001308
2152,0,0.9238816
2153,0,0.8575642
2154,0,0.7570033
2155,0,0.8762297
2156,3,0.57409203
2157,3,0.6937651
2158,0,0.93827707
2159,0,0.59886324
2160,0,0.72048223
2161,1,0.8632146
2162,1,0.8660534
2163,1,0.57986575
2164,2,0.5993678
2165,1,0.89330786
2166,1,0.473953
2167,2,0.9237536
2168,0,0.8809618
2169,3,0.57957
2170,0,0.91573894
2171,2,0.47641894
2172,0,0.87531316
2173,2,0.49363586
2174,3,0.900853
2175,0,0.9227889
2176,3,0.6149005
2177,1,0.6369971
2178,1,0.91765493
2179,1,0.881537
2180,1,0.3631415
2181,2,0.84790945
2182,0,0.75453764
2183,0,0.81520927
2184,0,0.88699466
2185,0,0.8990249
2186,1,0.90421826
2187,2,0.5368511
2188,0,0.87934613
2189,0,0.4986612
2190,2,0.90980065
2191,1,0.88923246
2192,0,0.42258963
2193,0,0.45060804
2194,1,0.853851
2195,1,0.8981879
2196,2,0.8990859
2197,3,0.8247535
2198,1,0.8797093
2199,1,0.5308667
2200,0,0.5639632
2201,1,0.89091784
2202,2,0.53461236
2203,2,0.87462074
2204,0,0.8768148
2205,0,0.8628352
2206,0,0.9191135
2207,3,0.57235986
2208,3,0.85081595
2209,0,0.93558633
2210,1,0.7475002
2211,1,0.48848277
2212,0,0.6403463
2213,0,0.56627226
2214,0,0.92820853
2215,0,0.91003203
2216,0,0.9142251
2217,1,0.90277004
2218,0,0.8953866
2219,0,0.66804683
2220,3,0.8624421
2221,1,0.7100178
2222,0,0.9055618
2223,1,0.8873176
2224,1,0.9060391
2225,2,0.5115099
2226,2,0.6073454
2227,2,0.60534513
2228,2,0.84881264
2229,2,0.9238702
2230,0,0.89646935
2231,0,0.6588266
2232,0,0.83418167
2233,0,0.66153663
2234,0,0.7938099
2235,1,0.5834222
2236,0,0.53403276
2237,0,0.92761105
2238,1,0.7352633
2239,1,0.8944449
2240,0,0.6969434
2241,0,0.87514466
2242,0,0.62308246
2243,3,0.5724006
2244,0,0.7091076
2245,1,0.7707395
2246,1,0.63167244
2247,3,0.847815
2248,0,0.93386155
2249,1,0.5622469
2250,0,0.92697734
2251,2,0.54460096
2252,2,0.8804371
2253,1,0.48982826
2254,0,0.90860605
2255,0,0.8079664
2256,0,0.67939544
2257,1,0.82336366
2258,0,0.54268706
2259,1,0.92125183
2260,0,0.8821892
2261,2,0.91606396
2262,0,0.91221666
2263,0,0.6053739
2264,0,0.9050562
2265,0,0.657011
2266,1,0.5238771
2267,2,0.9176528
2268,2,0.7427455
2269,2,0.9088711
2270,0,0.68016225
2271,0,0.91452134
2272,1,0.52539456
2273,1,0.5411599
2274,2,0.8558507
2275,0,0.8459421
2276,0,0.856612
2277,1,0.6208523
2278,2,0.90867746
2279,0,0.9309043
2280,2,0.5235509
2281,0,0.70674735
2282,0,0.7438232
2283,0,0.9137181
2284,1,0.8910545
2285,0,0.50971335
2286,3,0.5254084
2287,0,0.9144031
2288,2,0.88531864
2289,2,0.84851897
2290,3,0.7257836
2291,0,0.48805034
2292,0,0.8888249
2293,0,0.9192024
2294,1,0.61797184
2295,0,0.47314426
2296,1,0.8368999
2297,1,0.50209486
2298,0,0.8785257
2299,1,0.8909755
2300,2,0.8440235
2301,1,0.8314736
2302,0,0.6302159
2303,0,0.90448725
2304,2,0.4895262
2305,0,0.88455147
2306,3,0.9220677
2307,1,0.7223757
2308,2,0.4658629
2309,0,0.7207667
2310,1,0.8835926
2311,0,0.6349577
2312,0,0.721286
2313,2,0.8757587
2314,0,0.88624066
2315,3,0.4840619
2316,0,0.8866064
2317,2,0.83006424
2318,0,0.5996163
2319,1,0.5135414
2320,0,0.57948446
2321,3,0.7164769
2322,3,0.4830406
2323,3,0.89584124
2324,1,0.92272824
2325,0,0.8709991
2326,0,0.87705326
2327,1,0.9031711
2328,2,0.81485933
2329,0,0.90623856
2330,1,0.43481195
2331,2,0.7760149
2332,2,0.900327
2333,1,0.7250307
2334,1,0.8221932
2335,1,0.87985235
2336,0,0.62031305
2337,1,0.91303205
2338,3,0.88170516
2339,2,0.8872054
2340,3,0.9069695
2341,0,0.856813
2342,1,0.5649975
2343,1,0.8887472
2344,1,0.89143693
2345,1,0.9037245
2346,1,0.88672835
2347,1,0.858849
2348,3,0.7817566
2349,0,0.47837666
2350,1,0.5977115
2351,1,0.53232014
2352,1,0.84930885
2353,0,0.8324351
2354,1,0.89741373
2355,0,0.5263676
2356,3,0.8983499
2357,1,0.8689042
2358,0,0.8229492
2359,1,0.64963067
2360,1,0.91556966
2361,1,0.8825662
2362,0,0.66031414
2363,0,0.6675868
2364,0,0.7850995
2365,3,0.87684625
2366,1,0.5963786
2367,0,0.9144261
2368,1,0.936115
2369,1,0.9157277
2370,0,0.88477623
2371,3,0.5775826
2372,0,0.92823434
2373,0,0.40920016
2374,0,0.90316087
2375,3,0.8654729
2376,0,0.74043876
2377,2,0.5655288
2378,0,0.912339
2379,3,0.5714028
2380,0,0.6016333
2381,1,0.89158195
2382,0,0.82319486
2383,0,0.84133035
2384,0,0.6955466
2385,0,0.89260864
2386,1,0.52789205
2387,3,0.5285619
2388,0,0.79281646
2389,1,0.91538936
2390,0,0.5049992
2391,1,0.9084332
2392,1,0.63422596
2393,1,0.88255113
2394,1,0.8904754
2395,1,0.82917154
2396,1,0.5227368
2397,0,0.7837549
2398,0,0.5983176
2399,1,0.892821
2400,1,0.50812536
2401,0,0.8728289
2402,1,0.8522246
2403,1,0.90365136
2404,0,0.53739697
2405,1,0.5061505
2406,1,0.90047705
2407,0,0.90579164
2408,2,0.9240672
2409,2,0.8496318
2410,1,0.70571524
2411,1,0.85400987
2412,1,0.7008178
2413,1,0.8988089
2414,0,0.8829886
2415,3,0.89193076
2416,0,0.92827773
2417,0,0.4909964
2418,0,0.5797325
2419,1,0.7913449
2420,0,0.905077
2421,1,0.85642534
2422,0,0.6259711
2423,0,0.6980191
2424,1,0.9177269
2425,1,0.6063323
2426,0,0.90413916
2427,2,0.68374634
2428,1,0.8977273
2429,0,0.68926865
2430,1,0.8274475
2431,0,0.89615005
2432,1,0.82601184
2433,1,0.9041887
2434,0,0.4139487
2435,2,0.6074031
2436,0,0.9090644
2437,0,0.7473572
2438,2,0.8968871
2439,2,0.8919293
2440,2,0.91352785
2441,0,0.9056649
2442,0,0.86494744
2443,1,0.88637894
2444,1,0.8915698
2445,0,0.9051781
2446,1,0.8948594
2447,1,0.815169
2448,0,0.8963067
2449,1,0.9015199
2450,3,0.65653807
2451,1,0.89951545
2452,1,0.5843577
2453,0,0.72855186
2454,2,0.92740846
2455,0,0.91689074
2456,3,0.8762228
2457,1,0.88169396
2458,3,0.8747053
2459,1,0.8486996
2460,3,0.7907983
2461,0,0.521775
2462,1,0.9101077
2463,3,0.9125395
2464,2,0.8895414
2465,3,0.8588632
2466,0,0.85106134
2467,0,0.5499897
2468,0,0.92443985
2469,2,0.5294946
2470,0,0.62710917
2471,0,0.5428088
2472,1,0.83702415
2473,0,0.6697405
2474,0,0.8757638
2475,2,0.90243274
2476,1,0.93310285
2477,0,0.8754175
2478,0,0.8628344
2479,3,0.50887656
2480,3,0.5272712
2481,0,0.9158184
2482,1,0.74226874
2483,2,0.61419463
2484,1,0.6657228
2485,2,0.90848476
2486,0,0.8995304
2487,0,0.6540249
2488,1,0.81339866
2489,0,0.7158639
2490,1,0.7508139
2491,2,0.9035774
2492,0,0.9193565
2493,0,0.89622056
2494,1,0.5505389
2495,1,0.9191463
2496,0,0.9258186
2497,2,0.8730092
2498,2,0.8940194
2499,1,0.45129126
2500,0,0.9008332
2501,2,0.6023029
2502,0,0.6458724
2503,1,0.8927618
2504,0,0.50751
2505,3,0.89041203
2506,1,0.7343696
2507,3,0.8384117
2508,0,0.9015312
2509,0,0.7667365
2510,0,0.91907537
2511,1,0.7945133
2512,0,0.6364758
2513,2,0.6719017
2514,0,0.90359825
2515,0,0.8892623
2516,0,0.52378094
2517,0,0.6677414
2518,0,0.8969751
2519,3,0.54215705
2520,0,0.8819148
2521,3,0.55017096
2522,2,0.71038896
2523,1,0.92157143
2524,0,0.5861112
2525,1,0.89087147
2526,1,0.92079175
2527,0,0.8032497
2528,3,0.84855753
2529,1,0.9123061
2530,3,0.8825359
2531,0,0.8560885
2532,0,0.8743462
2533,0,0.90268993
2534,0,0.58547896
2535,1,0.5248168
2536,0,0.5137091
2537,0,0.61069727
2538,0,0.6932497
2539,0,0.89377487
2540,2,0.6461195
2541,0,0.86546
2542,0,0.5697582
2543,0,0.90455097
2544,0,0.5921461
2545,0,0.883444
2546,1,0.8922306
2547,0,0.5767918
2548,1,0.5753879
2549,1,0.91360146
2550,2,0.5273026
2551,0,0.8949457
2552,0,0.8813032
2553,1,0.7609807
2554,2,0.68178505
2555,3,0.7726469
2556,3,0.538883
2557,2,0.61378354
2558,0,0.91302294
2559,3,0.48088577
2560,0,0.9249734
2561,0,0.69790095
2562,0,0.9044473
2563,0,0.94377875
2564,1,0.5117492
2565,0,0.9016967
2566,2,0.9020848
2567,1,0.87305045
2568,3,0.6248709
2569,3,0.56354356
2570,0,0.91500187
2571,0,0.8715501
2572,0,0.88078916
2573,0,0.7168671
2574,1,0.9133326
2575,0,0.9234859
2576,2,0.56559265
2577,0,0.83318394
2578,2,0.9104436
2579,1,0.892659
2580,2,0.8651033
2581,0,0.93576187
2582,0,0.8540194
2583,3,0.8700935
2584,0,0.4865746
2585,1,0.8900432
2586,2,0.81762874
2587,0,0.88534683
2588,3,0.5047235
2589,1,0.7734739
2590,0,0.9137649
2591,0,0.8851667
2592,1,0.59007615
2593,1,0.6983581
2594,0,0.60990256
2595,0,0.90314776
2596,1,0.52407587
2597,0,0.8853957
2598,1,0.9067021
2599,0,0.76152325
2600,0,0.83875734
2601,3,0.8728753
2602,3,0.8693536
2603,1,0.90476257
2604,0,0.8818499
2605,1,0.8684808
2606,0,0.90534496
2607,2,0.8267569
2608,0,0.9069163
2609,0,0.8982973
2610,0,0.7214089
2611,0,0.898331
2612,1,0.91315544
2613,0,0.88071
2614,0,0.8837955
2615,1,0.52890617
2616,3,0.85116255
2617,1,0.5211295
2618,3,0.5670429
2619,1,0.88158226
2620,3,0.64507276
2621,2,0.60111624
2622,2,0.6763952
2623,0,0.8994549
2624,1,0.90832424
2625,0,0.76252425
2626,0,0.5897227
2627,3,0.702272
2628,0,0.8872914
2629,1,0.8804171
2630,2,0.46510208
2631,1,0.90681475
2632,1,0.5412853
2633,1,0.6715045
2634,3,0.90020657
2635,1,0.5236646
2636,0,0.9198224
2637,1,0.9236209
2638,1,0.89083177
2639,3,0.73716843
2640,1,0.85490775
2641,1,0.8904898
2642,0,0.5630821
2643,0,0.49481913
2644,0,0.873227
2645,1,0.4807982
2646,2,0.48326957
2647,3,0.8627944
2648,1,0.9009681
2649,0,0.9330303
2650,3,0.9154448
2651,3,0.83301485
2652,0,0.89554477
2653,0,0.8978879
2654,3,0.60810566
2655,0,0.6365813
2656,0,0.8184618
2657,2,0.52209145
2658,0,0.4743066
2659,1,0.91081333
2660,1,0.6583352
2661,1,0.62763816
2662,3,0.8597232
2663,3,0.8759158
2664,0,0.70821
2665,0,0.8805625
2666,0,0.53012687
2667,0,0.7178201
2668,3,0.8807166
2669,0,0.86357784
2670,0,0.9093235
2671,1,0.9039312
2672,1,0.9088371
2673,1,0.78185487
2674,3,0.4692481
2675,3,0.52815926
2676,3,0.7475917
2677,2,0.57707506
2678,1,0.59119403
2679,1,0.8603023
2680,0,0.9060551
2681,0,0.8933939
2682,3,0.66754556
2683,0,0.90271103
2684,0,0.837587
2685,1,0.5984267
2686,0,0.61034715
2687,1,0.85776997
2688,3,0.6733306
2689,0,0.39334217
2690,1,0.8993594
2691,2,0.876306
2692,1,0.8752625
2693,0,0.65226513
2694,2,0.9212572
2695,2,0.5575726
2696,0,0.5020302
2697,0,0.9216034
2698,1,0.55318063
2699,2,0.56412834
2700,1,0.87438196
2701,3,0.8838085
2702,1,0.9190779
2703,0,0.6229956
2704,1,0.5682641
2705,0,0.5384189
2706,0,0.8632121
2707,1,0.91202325
2708,1,0.47540262
2709,0,0.7100592
2710,2,0.53990144
2711,2,0.8576915
2712,0,0.49468064
2713,1,0.7334976
2714,0,0.8854565
2715,1,0.6749036
2716,1,0.91323185
2717,0,0.5283767
2718,1,0.71330863
2719,2,0.8847088
2720,1,0.74641436
2721,0,0.6692007
2722,1,0.8713209
2723,0,0.8006287
2724,0,0.55744535
2725,0,0.50974774
2726,0,0.8644425
2727,1,0.8984634
2728,0,0.90463376
2729,2,0.87154984
2730,1,0.8857471
2731,2,0.89158887
2732,0,0.62995744
2733,2,0.8219012
2734,1,0.9005607
2735,1,0.71024585
2736,0,0.51873434
2737,0,0.53408235
2738,3,0.52896535
2739,1,0.8790749
2740,0,0.49060708
2741,1,0.52843887
2742,2,0.8891032
2743,0,0.8914749
2744,0,0.89601386
2745,1,0.89258265
2746,0,0.8864849
2747,0,0.45864528
2748,0,0.88196033
2749,3,0.87512726
2750,0,0.8718386
2751,0,0.8954354
2752,2,0.84493995
2753,1,0.8984893
2754,1,0.9124924
2755,1,0.87305635
2756,0,0.92715985
2757,0,0.8984079
2758,1,0.3569378
2759,3,0.8946153
2760,2,0.6606599
2761,1,0.53633124
2762,0,0.88178384
2763,2,0.90995944
2764,2,0.6509551
2765,0,0.8897084
2766,0,0.7784038
2767,0,0.9001429
2768,0,0.8250045
2769,0,0.90965205
2770,2,0.90715885
2771,2,0.80004567
2772,0,0.89822745
2773,1,0.61059105
2774,0,0.8458425
2775,1,0.87286323
2776,1,0.82829064
2777,2,0.8539778
2778,0,0.8469138
2779,1,0.8214724
2780,0,0.8974173
2781,0,0.91015345
2782,0,0.8660164
2783,3,0.59022224
2784,0,0.78552926
2785,3,0.88398415
2786,0,0.9101546
2787,3,0.8661954
2788,1,0.89140165
2789,2,0.9029228
2790,1,0.88910913
2791,2,0.9060914
2792,1,0.8934577
2793,1,0.90776944
2794,0,0.52014685
2795,1,0.88474506
2796,3,0.8982253
2797,0,0.4054136
2798,2,0.811598
2799,0,0.8727971
2800,0,0.9203134
2801,0,0.83147955
2802,0,0.9055014
2803,0,0.9139444
2804,2,0.90952635
2805,0,0.6560507
2806,2,0.7694362
2807,2,0.49426973
2808,0,0.91574985
2809,0,0.9045413
2810,2,0.8843531
2811,0,0.5194348
2812,2,0.90732414
2813,2,0.49236667
2814,1,0.8532028
2815,3,0.75931996
2816,0,0.83785003
2817,1,0.8807708
2818,1,0.5489735
2819,0,0.5363888
2820,3,0.59477085
2821,1,0.54573005
2822,0,0.8825968
2823,1,0.80656
2824,0,0.8234654
2825,0,0.8807021
2826,1,0.47928095
2827,3,0.4867751
2828,0,0.7037505
2829,2,0.5285429
2830,0,0.9154998
2831,0,0.84625
2832,3,0.54989654
2833,3,0.6043556
2834,0,0.8790693
2835,1,0.7440248
2836,0,0.8753155
2837,0,0.47873145
2838,2,0.92076564
2839,0,0.5230788
2840,1,0.7273167
2841,1,0.86024296
2842,1,0.84905905
2843,2,0.8194189
2844,1,0.90012527
2845,2,0.75184005
2846,0,0.8784069
2847,3,0.8735586
2848,0,0.8985329
2849,0,0.84456104
2850,1,0.87987137
2851,2,0.8902132
2852,0,0.5235635
2853,0,0.89792156
2854,0,0.74594796
2855,0,0.63183266
2856,0,0.51240534
2857,1,0.8852907
2858,1,0.7473985
2859,0,0.9115177
2860,0,0.5497328
2861,1,0.89930886
2862,3,0.5443329
2863,1,0.91799337
2864,0,0.6414584
2865,0,0.75320274
2866,3,0.8650368
2867,0,0.76133025
2868,0,0.8008969
2869,0,0.867995
2870,0,0.830089
2871,1,0.85341454
2872,1,0.91054034
2873,2,0.79664385
2874,0,0.4871174
2875,2,0.8704201
2876,0,0.9280848
2877,1,0.89907175
2878,0,0.9024565
2879,0,0.5166595
2880,2,0.8964343
2881,2,0.7551739
2882,3,0.90055335
2883,3,0.8722663
2884,2,0.5395296
2885,0,0.50268346
2886,0,0.8066902
2887,1,0.6070388
2888,1,0.9140151
2889,2,0.6948297
2890,0,0.9056445
2891,1,0.8981172
2892,1,0.88669884
2893,0,0.7241251
2894,0,0.73012036
2895,1,0.8736564
2896,1,0.6224646
2897,1,0.8955671
2898,1,0.6171127
2899,0,0.7538027
2900,1,0.9127117
2901,3,0.6218456
2902,0,0.79581094
2903,1,0.8671211
2904,2,0.9164964
2905,3,0.50178456
2906,2,0.90524316
2907,0,0.7041995
2908,1,0.9293925
2909,0,0.59305173
2910,0,0.8721049
2911,3,0.5243286
2912,1,0.7899086
2913,3,0.90668654
2914,0,0.6681206
2915,1,0.8667095
2916,3,0.90176094
2917,1,0.6515376
2918,3,0.7165145
2919,0,0.78073657
2920,2,0.8777634
2921,1,0.8842689
2922,2,0.7442685
2923,1,0.85682607
2924,0,0.8734183
2925,1,0.91042906
2926,1,0.8948278
2927,0,0.93748236
2928,2,0.9072247
2929,3,0.70464367
2930,2,0.8979501
2931,0,0.8867953
2932,0,0.8353611
2933,0,0.68543583
2934,1,0.4290343
2935,2,0.5517731
2936,1,0.8920768
2937,0,0.8902671
2938,1,0.9316216
2939,1,0.71597534
2940,0,0.80148125
2941,0,0.91483706
2942,0,0.5014715
2943,0,0.84686124
2944,3,0.823219
2945,1,0.7197463
2946,1,0.3630022
2947,3,0.5547141
2948,2,0.5466716
2949,0,0.8986405
2950,1,0.6860814
2951,0,0.7860297
2952,0,0.8927561
2953,1,0.9050759
2954,0,0.38629326
2955,2,0.7567817
2956,0,0.52866036
2957,1,0.55152166
2958,1,0.9036534
2959,1,0.8851665
2960,1,0.59012026
2961,0,0.659851
2962,2,0.548726
2963,0,0.90378904
2964,0,0.6141726
2965,0,0.85992414
2966,3,0.90163815
2967,0,0.92240125
2968,0,0.9181031
2969,2,0.41052508
2970,0,0.9003634
2971,1,0.62239647
2972,1,0.88011676
2973,1,0.71767426
2974,3,0.87105644
2975,1,0.517015
2976,0,0.74694383
2977,0,0.68541133
2978,1,0.90006125
2979,0,0.5406698
2980,2,0.5653538
2981,0,0.573821
2982,2,0.57765126
2983,1,0.896087
2984,2,0.8806324
2985,1,0.78756785
2986,0,0.8650074
2987,1,0.91846454
2988,1,0.60405195
2989,0,0.8990022
2990,3,0.5165857
2991,2,0.85149276
2992,2,0.87020653
2993,1,0.89247215
2994,3,0.7841154
2995,1,0.7970943
2996,1,0.69363135
2997,1,0.5281791
2998,0,0.85369027
2999,1,0.8825415
3000,1,0.8987662
3001,0,0.93487495
3002,2,0.8966464
3003,0,0.42185423
3004,1,0.56634474
3005,1,0.8661599
3006,0,0.55784976
3007,1,0.8749552
3008,0,0.91048753
3009,2,0.8764106
3010,1,0.873284
3011,2,0.650349
3012,0,0.5017924
3013,1,0.70594335
3014,0,0.7621926
3015,0,0.85124373
3016,0,0.91510546
3017,3,0.85323465
3018,1,0.8670763
3019,0,0.8674624
3020,3,0.851087
3021,0,0.90984106
3022,0,0.8781227
3023,1,0.88139975
3024,1,0.5589167
3025,0,0.8772534
3026,0,0.7118571
3027,1,0.9144488
3028,0,0.92552024
3029,1,0.9121914
3030,0,0.6278663
3031,3,0.49687517
3032,1,0.57711124
3033,0,0.90977466
3034,0,0.9186639
3035,0,0.9092322
3036,0,0.8781343
3037,0,0.77731115
3038,3,0.8683903
3039,1,0.7396334
3040,0,0.84126896
3041,0,0.888032
3042,0,0.90254605
3043,3,0.5027564
3044,0,0.94102085
3045,0,0.58776397
3046,1,0.64083153
3047,0,0.84260356
3048,1,0.8684746
3049,0,0.89738244
3050,3,0.54560053
3051,1,0.7833542
3052,1,0.8770166
3053,1,0.75119394
3054,0,0.57573146
3055,1,0.5143076
3056,1,0.8438981
3057,0,0.8746385
3058,3,0.79950595
3059,2,0.8855557
3060,2,0.89758354
3061,2,0.4921914
3062,0,0.89480186
3063,2,0.7620948
3064,1,0.9127132
3065,3,0.83439726
3066,1,0.8775518
3067,0,0.55727524
3068,1,0.8935379
3069,1,0.84799653
3070,1,0.71504164
3071,2,0.5159884
3072,2,0.8007791
3073,3,0.59912556
3074,1,0.9106578
3075,2,0.48795685
3076,3,0.89641696
3077,0,0.90862066
3078,1,0.8586686
3079,3,0.71391845
3080,1,0.7537635
3081,1,0.9233893
3082,3,0.4222305
3083,0,0.52325475
3084,1,0.90617573
3085,0,0.896616
3086,1,0.67041326
3087,0,0.8596473
3088,1,0.8658885
3089,0,0.82828677
3090,0,0.53378654
3091,0,0.89585024
3092,0,0.6696656
3093,0,0.9201097
3094,3,0.9223515
3095,0,0.94166577
3096,1,0.8621397
3097,0,0.68266267
3098,2,0.6798129
3099,1,0.6345538
3100,3,0.90661144
3101,1,0.7289545
3102,0,0.92370415
3103,1,0.9194743
3104,0,0.79646474
3105,0,0.69814205
3106,1,0.869151
3107,3,0.58426535
3108,0,0.8307465
3109,1,0.9054402
3110,3,0.5464708
3111,0,0.6727297
3112,3,0.49360257
3113,1,0.7768122
3114,0,0.87771934
3115,2,0.54481876
3116,3,0.7488273
3117,1,0.85707176
3118,2,0.88653296
3119,1,0.908401
3120,1,0.9168625
3121,1,0.46426094
3122,3,0.84027505
3123,0,0.47679192
3124,1,0.83442014
3125,1,0.87914354
3126,1,0.8897591
3127,1,0.89558357
3128,1,0.5773228
3129,3,0.468586
3130,3,0.6485487
3131,1,0.8453338
3132,0,0.5347637
3133,3,0.51953495
3134,1,0.915257
3135,0,0.67523295
3136,1,0.62051827
3137,2,0.9013908
3138,1,0.9165884
3139,2,0.84045625
3140,3,0.6206835
3141,1,0.87089
3142,0,0.86550564
3143,1,0.485797
3144,3,0.65096354
3145,1,0.89734143
3146,1,0.89202756
3147,1,0.88115925
3148,1,0.8947508
3149,1,0.8933633
3150,0,0.8957293
3151,0,0.86555856
3152,1,0.8859263
3153,1,0.8339613
3154,3,0.886227
3155,1,0.56008506
3156,0,0.56471395
3157,0,0.8866148
3158,1,0.5011568
3159,1,0.8612826
3160,1,0.7080916
3161,2,0.46532083
3162,1,0.49292052
3163,0,0.9113176
3164,1,0.8837765
3165,0,0.89168084
3166,1,0.8728063
3167,2,0.7139505
3168,1,0.83670306
3169,0,0.8900933
3170,0,0.90935
3171,3,0.63409257
3172,0,0.9176226
3173,0,0.92215395
3174,3,0.83611315
3175,2,0.9088188
3176,0,0.9076552
3177,0,0.9195645
3178,1,0.8565606
3179,0,0.89556545
3180,0,0.49116108
3181,0,0.5739279
3182,0,0.8841112
3183,0,0.9285481
3184,2,0.84724337
3185,2,0.5789935
3186,3,0.9170639
3187,1,0.9227409
3188,3,0.8454356
3189,2,0.91640854
3190,0,0.90439993
3191,3,0.90606564
3192,0,0.84988075
3193,0,0.90767556
3194,1,0.8718018
3195,1,0.87943554
3196,2,0.36057
3197,0,0.51870406
3198,3,0.4653457
3199,1,0.90928924
3200,2,0.900452
3201,0,0.3555251
3202,3,0.88382983
3203,3,0.91112095
3204,3,0.90012777
3205,1,0.8903944
3206,0,0.90177673
3207,2,0.58637863
3208,1,0.8896057
3209,0,0.53647715
3210,0,0.8884401
3211,1,0.85097486
3212,1,0.8584084
3213,1,0.8547066
3214,3,0.7427743
3215,2,0.7337145
3216,1,0.8827376
3217,1,0.8889239
3218,0,0.8797159
3219,0,0.8884252
3220,3,0.8932714
3221,3,0.64834166
3222,0,0.89049387
3223,2,0.8701629
3224,1,0.8681089
3225,0,0.9315432
3226,0,0.45963177
3227,1,0.85083133
3228,1,0.934056
3229,0,0.924315
3230,3,0.90226585
3231,2,0.63408464
3232,0,0.7055161
3233,0,0.9215292
3234,1,0.8708543
3235,0,0.6178032
3236,2,0.8917459
3237,0,0.8788455
3238,1,0.9105611
3239,1,0.9042078
3240,1,0.87413096
3241,1,0.87852925
3242,0,0.89100546
3243,1,0.8409844
3244,0,0.901539
3245,2,0.8844814
3246,2,0.76706886
3247,2,0.6351802
3248,1,0.86826986
3249,2,0.7709149
3250,0,0.55559
3251,0,0.53757185
3252,2,0.887752
3253,1,0.9023833
3254,0,0.8604074
3255,1,0.907352
3256,1,0.6643484
3257,1,0.8772589
3258,0,0.5492069
3259,0,0.87057877
3260,0,0.8727781
3261,1,0.8939697
3262,0,0.9013046
3263,2,0.6018807
3264,0,0.8960678
3265,1,0.86634946
3266,2,0.7276634
3267,1,0.900468
3268,2,0.92092
3269,2,0.46836835
3270,0,0.36624956
3271,1,0.8011999
3272,3,0.88832814
3273,0,0.69687617
3274,1,0.89951086
3275,3,0.8872277
3276,1,0.84839165
3277,1,0.52506256
3278,2,0.64240885
3279,0,0.90012187
3280,1,0.90057284
3281,1,0.73381436
3282,0,0.88675183
3283,1,0.70754325
3284,1,0.91855794
3285,0,0.8620896
3286,1,0.88839304
3287,1,0.88033605
3288,1,0.776635
3289,3,0.8364156
3290,1,0.90038526
3291,2,0.56497824
3292,3,0.59533256
3293,0,0.9171122
3294,0,0.85254824
3295,0,0.85420954
3296,0,0.8380163
3297,0,0.8694006
3298,0,0.87877834
3299,3,0.8550025
3300,1,0.8730949
3301,1,0.7869831
3302,1,0.5026273
3303,0,0.9291529
3304,0,0.91214263
3305,1,0.84882087
3306,0,0.59764117
3307,1,0.8731948
3308,1,0.8511989
3309,1,0.90404105
3310,1,0.82620406
3311,3,0.90600884
3312,0,0.53268474
3313,1,0.85894936
3314,1,0.47519356
3315,0,0.910276
3316,3,0.49557322
3317,0,0.5690334
3318,1,0.8589197
3319,3,0.9059205
3320,2,0.8414272
3321,1,0.7305726
3322,1,0.79640704
3323,1,0.7045976
3324,3,0.5770453
3325,1,0.89021224
3326,0,0.6133942
3327,1,0.6658213
3328,3,0.9062244
3329,0,0.75645816
3330,2,0.8698524
3331,1,0.87703794
3332,1,0.53712857
3333,0,0.90684515
3334,0,0.9296311
3335,0,0.7296499
3336,3,0.50511616
3337,1,0.8591829
3338,0,0.56382674
3339,1,0.7560775
3340,0,0.6437491
3341,3,0.89027673
3342,0,0.9163145
3343,0,0.73419714
3344,0,0.9237705
3345,2,0.89695626
3346,1,0.5927744
3347,1,0.8931365
3348,3,0.689427
3349,3,0.92255276
3350,1,0.6419524
3351,0,0.6275487
3352,0,0.4944702
3353,0,0.6573624
3354,1,0.6083831
3355,0,0.8834086
3356,2,0.5158058
3357,2,0.89148325
3358,1,0.87967217
3359,1,0.56803864
3360,0,0.913211
3361,1,0.75822705
3362,3,0.8900836
3363,1,0.886791
3364,1,0.9085222
3365,0,0.5613671
3366,1,0.58381706
3367,0,0.8716297
3368,1,0.4868217
3369,1,0.9235616
3370,3,0.9169881
3371,0,0.8568827
3372,0,0.6955418
3373,0,0.8581138
3374,1,0.9183456
3375,1,0.8944149
3376,2,0.52212715
3377,0,0.8974471
3378,0,0.68982655
3379,0,0.8049054
3380,3,0.55288744
3381,0,0.907488
3382,0,0.6192239
3383,2,0.9102477
3384,2,0.47729525
3385,0,0.47933438
3386,0,0.8981434
3387,0,0.8920574
3388,0,0.9105576
3389,3,0.85934967
3390,1,0.7888654
3391,0,0.8684413
3392,3,0.7051737
3393,2,0.5597987
3394,2,0.89272374
3395,0,0.46735662
3396,2,0.52708846
3397,2,0.9035511
3398,1,0.88408595
3399,0,0.91530216
3400,0,0.9098953
3401,0,0.6246084
3402,1,0.8075327
3403,0,0.71304995
3404,0,0.5407345
3405,3,0.401823
3406,0,0.8463569
3407,1,0.8946186
3408,3,0.8373396
3409,1,0.8596781
3410,2,0.9375498
3411,0,0.88205826
3412,3,0.88145757
3413,1,0.8856332
3414,1,0.6398758
3415,3,0.8968982
3416,0,0.52873284
3417,2,0.88480085
3418,0,0.51566577
3419,0,0.8899194
3420,0,0.9053617
3421,0,0.92488426
3422,0,0.9116726
3423,2,0.86644363
3424,0,0.5670929
3425,1,0.91777027
3426,3,0.4799865
3427,0,0.892758
3428,2,0.58186805
3429,0,0.88336784
3430,2,0.7894141
3431,0,0.9245057
3432,1,0.5076821
3433,2,0.80123425
3434,0,0.67596525
3435,1,0.9202447
3436,1,0.91118675
3437,0,0.87853146
3438,0,0.87094814
3439,2,0.86506706
3440,1,0.80492437
3441,2,0.8628981
3442,0,0.80798167
3443,1,0.8940337
3444,0,0.9174244
3445,3,0.5316675
3446,3,0.8562312
3447,1,0.8701671
3448,2,0.8778558
3449,3,0.923278
3450,1,0.9105438
3451,0,0.87472314
3452,3,0.8690548
3453,1,0.87770694
3454,0,0.90805304
3455,0,0.5393866
3456,1,0.7491906
3457,1,0.920499
3458,1,0.87395114
3459,2,0.88020855
3460,1,0.90159965
3461,1,0.91910154
3462,2,0.6479454
3463,0,0.8390964
3464,1,0.9086153
3465,1,0.5369765
3466,2,0.6752386
3467,1,0.8469468
3468,3,0.8351112
3469,0,0.8318484
3470,3,0.8531057
3471,2,0.45494634
3472,2,0.50298584
3473,0,0.48904315
3474,1,0.9032118
3475,1,0.46664196
3476,0,0.6141738
3477,0,0.90619844
3478,0,0.609465
3479,0,0.91099846
3480,0,0.8950643
3481,0,0.9159834
3482,3,0.6349114
3483,0,0.90642303
3484,0,0.78601843
3485,0,0.7497704
3486,2,0.6569963
3487,0,0.609887
3488,0,0.8941092
3489,0,0.8905007
3490,0,0.58641803
3491,0,0.87458867
3492,2,0.71431273
3493,0,0.8592386
3494,0,0.8060524
3495,0,0.8998352
3496,2,0.59364825
3497,0,0.8978803
3498,0,0.9137009
3499,0,0.67044055
3500,0,0.89748245
3501,1,0.85079765
3502,0,0.9011335
3503,3,0.9133783
3504,0,0.6630446
3505,1,0.87693727
3506,1,0.64630026
3507,0,0.8701513
3508,0,0.84981674
3509,3,0.6063075
3510,1,0.7091859
3511,1,0.8590546
3512,1,0.89786416
3513,1,0.47645476
3514,1,0.49929687
3515,3,0.77115095
3516,1,0.87036777
3517,0,0.9379899
3518,2,0.58879554
3519,2,0.69588244
3520,2,0.8997504
3521,2,0.77574086
3522,0,0.57906127
3523,3,0.9206524
3524,3,0.9109398
3525,0,0.8519026
3526,0,0.50890744
3527,0,0.87917876
3528,3,0.5748619
3529,1,0.59265804
3530,1,0.8803678
3531,1,0.90440166
3532,2,0.8871612
3533,1,0.8703014
3534,0,0.91557235
3535,0,0.49778447
3536,1,0.6406199
3537,1,0.53388727
3538,0,0.8335192
3539,1,0.88119066
3540,0,0.49243155
3541,3,0.6496845
3542,1,0.7790402
3543,0,0.87318987
3544,0,0.89892286
3545,1,0.89856356
3546,0,0.8820696
3547,0,0.8861543
3548,0,0.5823511
3549,0,0.88282496
3550,1,0.925081
3551,0,0.9234783
3552,2,0.80581665
3553,3,0.9105648
3554,0,0.79398674
3555,1,0.90000397
3556,1,0.85958207
3557,2,0.87285066
3558,0,0.58154184
3559,0,0.89371705
3560,0,0.87368923
3561,2,0.8760529
3562,2,0.80090815
3563,0,0.88776416
3564,1,0.86843044
3565,1,0.6615872
3566,2,0.90610045
3567,1,0.49939677
3568,0,0.53727615
3569,0,0.91061693
3570,1,0.9119959
3571,1,0.8982673
3572,0,0.7056773
3573,1,0.63576245
3574,2,0.46609968
3575,0,0.92476314
3576,2,0.7617404
3577,0,0.89338315
3578,0,0.87346303
3579,2,0.8971244
3580,2,0.500772
3581,2,0.66395783
3582,0,0.93581
3583,1,0.5276478
3584,0,0.53757346
3585,0,0.63602877
3586,3,0.573731
3587,0,0.821343
3588,2,0.824191
3589,1,0.62790257
3590,0,0.5759796
3591,2,0.6812803
3592,3,0.6378693
3593,0,0.6016434
3594,0,0.6471218
3595,0,0.7312688
3596,0,0.9351854
3597,0,0.7733386
3598,0,0.6449141
3599,0,0.6052299
3600,2,0.8890725
3601,0,0.84053016
3602,0,0.7064416
3603,2,0.81123614
3604,3,0.57928085
3605,0,0.6840499
3606,2,0.80394274
3607,0,0.6539922
3608,1,0.6659427
3609,2,0.8678533
3610,0,0.85311544
3611,1,0.7354322
3612,0,0.63421273
3613,0,0.67038554
3614,2,0.8556975
3615,3,0.5065884
3616,0,0.8913018
3617,0,0.8609869
3618,0,0.92187893
3619,1,0.8605833
3620,0,0.8636187
3621,0,0.86363894
3622,1,0.91470534
3623,0,0.6406436
3624,0,0.8973702
3625,0,0.9015916
3626,3,0.8275987
3627,2,0.8988722
3628,0,0.91156703
3629,0,0.47930446
3630,2,0.8608862
3631,2,0.8889147
3632,1,0.8580556
3633,0,0.5122141
3634,1,0.64679503
3635,0,0.6408869
3636,2,0.90465754
3637,3,0.73061556
3638,0,0.67897266
3639,3,0.898619
3640,0,0.582085
3641,2,0.904575
3642,2,0.79764754
3643,1,0.8589844
3644,0,0.8198198
3645,0,0.81982005
3646,1,0.9097249
3647,0,0.644224
3648,2,0.885221
3649,2,0.8630245
3650,2,0.90794206
3651,2,0.8656515
3652,1,0.60591143
3653,0,0.8940171
3654,1,0.8875776
3655,1,0.5710151
3656,0,0.8929557
3657,0,0.5983027
3658,2,0.83741224
3659,1,0.8880411
3660,1,0.80301225
3661,0,0.34856895
3662,3,0.8418193
3663,3,0.8732204
3664,1,0.4969338
3665,2,0.8578606
3666,3,0.8311438
3667,0,0.54536605
3668,1,0.8283674
3669,0,0.5025294
3670,0,0.9197581
3671,3,0.81125665
3672,2,0.8696592
3673,0,0.6163954
3674,0,0.645625
3675,2,0.4972198
3676,0,0.8571968
3677,0,0.8835539
3678,0,0.55120176
3679,1,0.9000184
3680,0,0.8775918
3681,0,0.8947993
3682,0,0.9193446
3683,3,0.8944632
3684,0,0.7390202
3685,2,0.6071308
3686,1,0.5277162
3687,0,0.9261792
3688,0,0.8037048
3689,0,0.9049057
3690,3,0.4804826
3691,0,0.7872202
3692,0,0.88787234
3693,0,0.7675783
3694,0,0.6038385
3695,2,0.7542132
3696,0,0.85191584
3697,1,0.87793183
3698,1,0.86650395
3699,2,0.90196884
3700,2,0.707616
3701,0,0.90571356
3702,1,0.855638
3703,0,0.59529424
3704,3,0.6773659
3705,1,0.9238107
3706,0,0.91448706
3707,1,0.90458447
3708,0,0.55656695
3709,0,0.56716615
3710,0,0.5631139
3711,0,0.5201205
3712,0,0.9048783
3713,1,0.898319
3714,2,0.5138272
3715,1,0.87252295
3716,0,0.48466393
3717,0,0.51642346
3718,2,0.921164
3719,1,0.8168029
3720,3,0.5506584
3721,1,0.4814769
3722,0,0.8595185
3723,0,0.46298432
3724,1,0.8528256
3725,2,0.6165589
3726,1,0.78407025
3727,1,0.594501
3728,0,0.5453846
3729,0,0.9387891
3730,1,0.88337916
3731,0,0.93765223
3732,1,0.8941843
3733,1,0.88937604
3734,1,0.6013908
3735,0,0.6781399
3736,2,0.6535149
3737,1,0.88210076
3738,0,0.6539321
3739,0,0.88294625
3740,0,0.61339855
3741,2,0.87474936
3742,2,0.8907514
3743,0,0.8902503
3744,2,0.78923124
3745,2,0.9250622
3746,1,0.8523676
3747,2,0.6986605
3748,0,0.44786334
3749,0,0.6047063
3750,1,0.6571805
3751,2,0.93828565
3752,2,0.8599772
3753,1,0.8321096
3754,1,0.4799607
3755,1,0.55803907
3756,0,0.57670885
3757,0,0.52393377
3758,1,0.89237183
3759,0,0.8722785
3760,0,0.8590674
3761,0,0.51308364
3762,1,0.9088172
3763,3,0.8676373
3764,1,0.52028435
3765,1,0.7771177
3766,3,0.86070645
3767,0,0.8978995
3768,0,0.64749956
3769,0,0.6575903
3770,0,0.6524742
3771,2,0.9243976
3772,0,0.64502347
3773,1,0.8985954
3774,0,0.9309227
3775,1,0.38140705
3776,0,0.67692816
3777,2,0.91746044
3778,0,0.6822886
3779,2,0.5682551
3780,1,0.91037947
3781,1,0.87020975
3782,1,0.5283536
3783,3,0.57286644
3784,0,0.90591055
3785,0,0.9113607
3786,1,0.75852877
3787,1,0.90069616
3788,2,0.88622534
3789,0,0.90240324
3790,1,0.9020109
3791,2,0.66889733
3792,0,0.8802096
3793,2,0.89319754
3794,1,0.7772964
3795,1,0.6366029
3796,0,0.87898237
3797,1,0.9113492
3798,0,0.87740684
3799,1,0.68523043
3800,0,0.88408476
3801,0,0.6021237
3802,0,0.593402
3803,1,0.9130072
3804,0,0.9293606
3805,1,0.91810673
3806,1,0.71149653
3807,1,0.8904899
3808,3,0.67838526
3809,1,0.7912091
3810,0,0.6408166
3811,0,0.59416527
3812,0,0.5779415
3813,1,0.8888201
3814,2,0.48350105
3815,0,0.5981767
3816,3,0.900977
3817,1,0.9040526
3818,0,0.7467163
3819,3,0.8559092
3820,3,0.8427194
3821,2,0.86346537
3822,2,0.6959897
3823,1,0.9023459
3824,3,0.67863846
3825,0,0.90988016
3826,1,0.89106894
3827,2,0.56890553
3828,2,0.55438685
3829,0,0.85014755
3830,1,0.59829146
3831,0,0.6849018
3832,3,0.6250455
3833,1,0.51162314
3834,1,0.76141965
3835,1,0.88970584
3836,0,0.8649548
3837,1,0.9021246
3838,0,0.56738245
3839,2,0.7316899
3840,0,0.86941266
3841,1,0.6137918
3842,0,0.57079923
3843,2,0.7992561
3844,0,0.9143379
3845,2,0.47768077
3846,2,0.9179091
3847,2,0.5255652
3848,1,0.6304243
3849,0,0.46139273
3850,2,0.51334286
3851,1,0.9188716
3852,1,0.5245984
3853,3,0.89011455
3854,2,0.35850352
3855,1,0.846614
3856,2,0.9180866
3857,3,0.6241152
3858,0,0.6533519
3859,0,0.91741544
3860,0,0.9186693
3861,1,0.86800474
3862,1,0.47781467
3863,1,0.8398413
3864,0,0.87519866
3865,1,0.90433663
3866,0,0.817756
3867,2,0.90744835
3868,2,0.8678853
3869,2,0.89088917
3870,0,0.7558874
3871,0,0.9284306
3872,1,0.70913804
3873,1,0.6030005
3874,1,0.5102578
3875,0,0.8912753
3876,1,0.85233104
3877,3,0.86225134
3878,3,0.69237286
3879,2,0.741967
3880,2,0.91475093
3881,2,0.85876536
3882,3,0.62105495
3883,3,0.8411123
3884,0,0.7874441
3885,2,0.55610824
3886,0,0.7109794
3887,2,0.8788141
3888,0,0.8835843
3889,2,0.8457906
3890,2,0.8944143
3891,1,0.91284215
3892,1,0.8793101
3893,2,0.882894
3894,0,0.71352625
3895,2,0.87504643
3896,0,0.6031261
3897,0,0.5358169
3898,1,0.84734225
3899,0,0.49492985
3900,0,0.82919145
3901,2,0.83072186
3902,3,0.70069444
3903,0,0.8513477
3904,3,0.46325517
3905,3,0.86364853
3906,3,0.8669787
3907,1,0.9145778
3908,1,0.5676337
3909,1,0.509127
3910,3,0.79943895
3911,0,0.62948436
3912,0,0.79322946
3913,0,0.9204334
3914,3,0.49067575
3915,3,0.87511355
3916,0,0.8270678
3917,3,0.91079605
3918,1,0.8479089
3919,0,0.915268
3920,1,0.9165603
3921,1,0.9241794
3922,3,0.8704919
3923,3,0.47954616
3924,0,0.6229779
3925,0,0.90445065
3926,0,0.8411878
3927,2,0.9149078
3928,2,0.8558025
3929,2,0.6539504
3930,2,0.9336937
3931,2,0.6862853
3932,0,0.84888786
3933,1,0.8440347
3934,1,0.49567506
3935,2,0.9019971
3936,2,0.9039474
3937,0,0.90778166
3938,0,0.50799596
3939,1,0.9081846
3940,0,0.5915852
3941,2,0.8778916
3942,0,0.83308375
3943,0,0.89797014
3944,1,0.82099694
3945,2,0.9100107
3946,3,0.7388958
3947,1,0.7475668
3948,2,0.67149055
3949,2,0.840174
3950,2,0.89584017
3951,1,0.9206679
3952,1,0.6832361
3953,0,0.4787454
3954,1,0.68477076
3955,0,0.85983735
3956,1,0.8976095
3957,1,0.7439787
3958,1,0.57306814
3959,2,0.47845566
3960,2,0.8867622
3961,2,0.78590083
3962,2,0.52666605
3963,3,0.8818545
3964,0,0.92024666
3965,0,0.93092173
3966,2,0.72258973
3967,0,0.8407012
3968,0,0.8896864
3969,2,0.7337117
3970,1,0.9022413
3971,3,0.58013916
3972,2,0.8962709
3973,3,0.86432636
3974,2,0.645014
3975,2,0.5653461
3976,2,0.86689
3977,0,0.92681766
3978,2,0.61616045
3979,2,0.68150115
3980,2,0.7374638
3981,3,0.8874404
3982,1,0.8842499
3983,3,0.88520163
3984,0,0.5073342
3985,3,0.6898995
3986,1,0.39095378
3987,1,0.49593928
3988,0,0.8945509
3989,2,0.70781004
3990,2,0.87780976
3991,2,0.8720184
3992,1,0.8386144
3993,2,0.92119026
3994,0,0.613947
3995,3,0.8030035
3996,2,0.6215711
3997,1,0.8886969
3998,0,0.60239273
3999,2,0.7801034
4000,1,0.5054135
4001,1,0.87575054
4002,2,0.53077793
4003,1,0.9086009
4004,0,0.65477705
4005,1,0.8865279
4006,3,0.71046644
4007,1,0.6857863
4008,1,0.8802766
4009,2,0.90062445
4010,0,0.9370824
4011,2,0.7365842
4012,1,0.88571495
4013,1,0.90462816
4014,0,0.6095851
4015,1,0.89731777
4016,1,0.89677
4017,2,0.5904737
4018,3,0.8962907
4019,0,0.9233941
4020,0,0.68117857
4021,3,0.57767653
4022,3,0.721756
4023,0,0.73004675
4024,0,0.9238062
4025,2,0.8794858
4026,2,0.9245578
4027,1,0.753987
4028,1,0.57205814
4029,2,0.87551576
4030,0,0.6012118
4031,1,0.5749952
4032,0,0.88989204
4033,0,0.64215136
4034,0,0.9158363
4035,3,0.898294
4036,0,0.92895615
4037,0,0.5474135
4038,0,0.7881529
4039,1,0.9004924
4040,1,0.8654537
4041,2,0.89395416
4042,3,0.8471617
4043,3,0.91383314
4044,1,0.86675084
4045,1,0.8644607
4046,1,0.8639006
4047,3,0.8806547
4048,0,0.8794451
4049,0,0.5977519
4050,0,0.87109023
4051,1,0.5049157
4052,1,0.8902727
4053,1,0.8587194
4054,0,0.8775874
4055,0,0.88647074
4056,2,0.93810546
4057,0,0.89462155
4058,0,0.6656734
4059,1,0.89817405
4060,0,0.92355275
4061,0,0.8978812
4062,3,0.475806
4063,2,0.541927
4064,3,0.92043287
4065,2,0.5038995
4066,1,0.89278877
4067,0,0.54312354
4068,1,0.62372917
4069,0,0.90468544
4070,0,0.512629
4071,3,0.9049696
4072,2,0.901123
4073,0,0.9231334
4074,3,0.52042687
4075,0,0.60557395
4076,0,0.88908094
4077,1,0.89581275
4078,0,0.87303317
4079,3,0.8742351
4080,0,0.88985175
4081,2,0.91951954
4082,3,0.7965238
4083,1,0.9254341
4084,2,0.86200815
4085,0,0.88643783
4086,0,0.9062769
4087,0,0.5547698
4088,1,0.9313782
4089,2,0.9171173
4090,0,0.89789224
4091,0,0.94157195
4092,3,0.5605388
4093,0,0.8931456
4094,2,0.83195496
4095,2,0.8892711
4096,0,0.8989814
4097,1,0.867769
4098,2,0.88986945
4099,1,0.8098484
4100,0,0.8836251
4101,2,0.7812643
4102,2,0.8807189
4103,1,0.90744036
4104,2,0.88015026
4105,2,0.91474146
4106,2,0.7807653
4107,0,0.82419145
4108,1,0.90588295
4109,0,0.56286997
4110,2,0.90704894
4111,0,0.889431
4112,0,0.9070188
4113,0,0.91008127
4114,0,0.5309196
4115,0,0.9110496
4116,3,0.87747097
4117,0,0.9133159
4118,0,0.7977318
4119,1,0.87943393
4120,1,0.74500066
4121,3,0.87732095
4122,1,0.9005174
4123,1,0.8756786
4124,1,0.89706147
4125,2,0.88528115
4126,2,0.8076584
4127,0,0.86954325
4128,2,0.8968387
4129,1,0.9174273
4130,0,0.6861665
4131,1,0.914328
4132,2,0.9174992
4133,0,0.5605495
4134,1,0.9273719
4135,3,0.86716825
4136,3,0.89713585
4137,1,0.9007307
4138,1,0.39434507
4139,2,0.89606375
4140,1,0.88433576
4141,0,0.9174457
4142,3,0.49763986
4143,1,0.92907774
4144,0,0.91717005
4145,0,0.5651118
4146,2,0.92997825
4147,0,0.7841647
4148,1,0.8410898
4149,1,0.8872287
4150,1,0.90829945
4151,2,0.92926455
4152,2,0.859591
4153,0,0.64274114
4154,3,0.8608994
4155,0,0.8899703
4156,2,0.8516371
4157,2,0.8818071
4158,0,0.5587296
4159,0,0.57246596
4160,2,0.88110346
4161,2,0.918616
4162,0,0.86563265
4163,0,0.8771889
4164,0,0.62830096
4165,2,0.8965963
4166,1,0.84375995
4167,0,0.90398383
4168,2,0.89293
4169,0,0.8487815
4170,0,0.8773562
4171,0,0.5549827
4172,1,0.8766878
4173,1,0.91604227
4174,0,0.8961646
4175,0,0.8961622
4176,1,0.887294
4177,0,0.6760719
4178,1,0.9000003
4179,3,0.8066686
4180,3,0.66289246
4181,1,0.8737924
4182,3,0.84329164
4183,3,0.8590638
4184,0,0.90332156
4185,0,0.87445736
4186,3,0.8915038
4187,1,0.729332
4188,2,0.52911055
4189,0,0.6473889
4190,2,0.87861204
4191,2,0.88312614
4192,0,0.8526782
4193,0,0.8772924
4194,2,0.89206886
4195,0,0.90746856
4196,2,0.9291217
4197,1,0.9153861
4198,0,0.93082345
4199,2,0.49796468
4200,0,0.9167951
4201,0,0.58104163
4202,2,0.88024956
4203,0,0.9375017
4204,2,0.83910984
4205,1,0.8352092
4206,1,0.8677142
4207,0,0.8253932
4208,2,0.6059675
4209,2,0.9297692
4210,0,0.8871718
4211,1,0.83874255
4212,1,0.9003349
4213,1,0.86322224
4214,1,0.9240923
4215,0,0.94256765
4216,0,0.49417132
4217,0,0.91346484
4218,2,0.8826125
4219,0,0.90182275
4220,1,0.7709669
4221,0,0.90204155
4222,1,0.83285266
4223,1,0.50411534
4224,1,0.8327574
4225,3,0.9096206
4226,0,0.5598085
4227,0,0.8785143
4228,3,0.85574675
4229,0,0.92063105
4230,0,0.7473319
4231,2,0.9179861
4232,1,0.881667
4233,2,0.8498275
4234,0,0.92033356
4235,1,0.78307325
4236,0,0.85829616
4237,0,0.6254791
4238,0,0.9149946
4239,0,0.8906207
4240,1,0.5224104
4241,0,0.84400827
4242,0,0.871616
4243,0,0.8979485
4244,0,0.65675676
4245,1,0.8804003
4246,3,0.90574515
4247,0,0.9049538
4248,3,0.8858743
4249,0,0.8991649
4250,1,0.884302
4251,2,0.7947338
4252,0,0.83803225
4253,3,0.55320275
4254,0,0.9043741
4255,1,0.9162902
4256,0,0.89574975
4257,2,0.9136089
4258,1,0.9078919
4259,0,0.8748262
4260,0,0.59904104
4261,0,0.88473535
4262,2,0.89624834
4263,2,0.70986724
4264,1,0.823
4265,0,0.91711164
4266,2,0.49569485
4267,3,0.8879278
4268,0,0.6196066
4269,1,0.93213093
4270,3,0.8601403
4271,0,0.88171935
4272,3,0.865919
4273,1,0.49997675
4274,3,0.5816543
4275,0,0.48214987
4276,0,0.863144
4277,1,0.8682296
4278,0,0.9210795
4279,2,0.9100942
4280,0,0.9247742
4281,0,0.86765504
4282,3,0.8719887
4283,0,0.8743588
4284,0,0.87619036
4285,0,0.65356594
4286,0,0.7882242
4287,0,0.9088408
4288,0,0.87110406
4289,2,0.8955816
4290,1,0.87968034
4291,3,0.8948857
4292,3,0.8538006
4293,2,0.92338526
4294,1,0.9129437
4295,3,0.86420125
4296,1,0.9239396
4297,2,0.8526956
4298,0,0.5659016
4299,3,0.7050257
4300,1,0.6103559
4301,3,0.89713
4302,2,0.8920467
4303,1,0.9225097
4304,2,0.6846841
4305,3,0.8932983
4306,1,0.8765811
4307,0,0.5645295
4308,3,0.6311166
4309,3,0.89004624
4310,1,0.84045005
4311,1,0.4201808
4312,0,0.9035384
4313,2,0.8903994
4314,0,0.8498582
4315,0,0.8168405
4316,1,0.90809816
4317,0,0.9121446
4318,0,0.9360374
4319,0,0.8704639
4320,3,0.8841228
4321,1,0.9208002
4322,3,0.7778016
4323,3,0.8478129
4324,0,0.72894704
4325,0,0.8768951
4326,1,0.5090583
4327,2,0.8597367
4328,1,0.6320065
4329,1,0.8720345
4330,2,0.8961996
4331,3,0.8676121
4332,3,0.84360045
4333,3,0.87335676
4334,0,0.86214465
4335,1,0.9041853
4336,0,0.8407304
4337,0,0.8727616
4338,0,0.75316465
4339,3,0.8701272
4340,2,0.90131164
4341,0,0.57456213
4342,1,0.8987321
4343,0,0.9182372
4344,2,0.6989039
4345,0,0.880465
4346,2,0.8239104
4347,0,0.91896874
4348,1,0.8279978
4349,2,0.8914054
4350,2,0.84795594
4351,0,0.6417609
4352,0,0.84081614
4353,0,0.81909466
4354,2,0.85826343
4355,3,0.85365814
4356,1,0.5453918
4357,3,0.84001654
4358,2,0.8532724
4359,3,0.81522
4360,1,0.91925305
4361,1,0.6010533
4362,1,0.869368
4363,0,0.8847104
4364,1,0.7617569
4365,0,0.87762034
4366,1,0.48086673
4367,0,0.6202482
4368,0,0.8946734
4369,0,0.87170196
4370,2,0.8328086
4371,0,0.93784094
4372,1,0.91757643
4373,2,0.90868825
4374,0,0.48910624
4375,3,0.8910893
4376,2,0.8948601
4377,3,0.7350927
4378,3,0.8776403
4379,1,0.7633913
4380,1,0.88772243
4381,0,0.5070228
4382,0,0.90215003
4383,2,0.89555043
4384,1,0.92429847
4385,2,0.89031744
4386,1,0.5003352
4387,2,0.90159893
4388,1,0.9124906
4389,1,0.9204833
4390,1,0.80459684
4391,0,0.50902385
4392,3,0.8752561
4393,1,0.91049385
4394,1,0.5332593
4395,1,0.8844257
4396,0,0.91764134
4397,1,0.91729206
4398,1,0.9031524
4399,0,0.8303844
4400,2,0.8918468
4401,2,0.9017876
4402,0,0.5001946
4403,3,0.9305616
4404,3,0.94877934
4405,0,0.86847097
4406,1,0.9310442
4407,1,0.8673977
4408,0,0.8869273
4409,0,0.68117315
4410,1,0.87565553
4411,1,0.9043215
4412,3,0.8884628
4413,0,0.87647206
4414,3,0.89661217
4415,0,0.54148823
4416,3,0.90827096
4417,1,0.89043593
4418,1,0.9279724
4419,1,0.5517161
4420,2,0.8218058
4421,3,0.8451522
4422,2,0.8842107
4423,3,0.8854967
4424,1,0.6117322
4425,1,0.7964857
4426,0,0.605152
4427,1,0.6373294
4428,1,0.91607714
4429,0,0.66047716
4430,3,0.91736865
4431,1,0.8854062
4432,3,0.91099817
4433,1,0.6732429
4434,0,0.88520575
4435,3,0.5647905
4436,1,0.8763984
4437,3,0.90835965
4438,1,0.88126874
4439,1,0.8982058
4440,0,0.9173933
4441,0,0.9235149
4442,3,0.6492718
4443,0,0.9253173
4444,0,0.69499004
4445,3,0.52489454
4446,1,0.8331522
4447,1,0.8993778
4448,2,0.47051346
4449,3,0.88659304
4450,1,0.86425185
4451,3,0.89018434
4452,0,0.46316442
4453,3,0.47827902
4454,3,0.8981542
4455,0,0.9035852
4456,1,0.89150465
4457,0,0.93996644
4458,3,0.49130958
4459,0,0.91420686
4460,0,0.544895
4461,1,0.89975697
4462,3,0.48186857
4463,3,0.531001
4464,0,0.4811672
4465,0,0.4243375
4466,3,0.9266847
4467,0,0.9206356
4468,0,0.92587423
4469,0,0.6595928
4470,1,0.7159736
4471,1,0.89944077
4472,3,0.93284446
4473,0,0.84892327
4474,0,0.85148466
4475,3,0.89938635
4476,3,0.8829734
4477,1,0.6124056
4478,3,0.89487314
4479,0,0.8964401
4480,3,0.87065357
4481,0,0.63483435
4482,0,0.911708
4483,0,0.886118
4484,2,0.9236132
4485,0,0.52403146
4486,0,0.9286062
4487,2,0.92836475
4488,1,0.8897453
4489,2,0.834762
4490,1,0.92703915
4491,3,0.8570237
4492,1,0.9182914
4493,0,0.47304288
4494,0,0.8623876
4495,2,0.65193623
4496,0,0.69138443
4497,0,0.8095382
4498,1,0.8692826
4499,1,0.9089531
4500,2,0.9462825
4501,2,0.9149047
4502,1,0.92583877
4503,0,0.92534375
4504,0,0.88192105
4505,0,0.87849873
4506,3,0.83823085
4507,0,0.91740364
4508,0,0.89732975
4509,0,0.88786596
4510,1,0.5920378
4511,3,0.9139086
4512,3,0.46396625
4513,2,0.8518931
4514,1,0.48592
4515,1,0.6084525
4516,2,0.870443
4517,3,0.5790929
4518,1,0.8807516
4519,0,0.8774474
4520,0,0.78034663
4521,0,0.5047865
4522,1,0.89700586
4523,1,0.8748292
4524,1,0.8636849
4525,0,0.9047597
4526,3,0.91558015
4527,0,0.8880535
4528,0,0.7515841
4529,3,0.9104786
4530,0,0.8311136
4531,1,0.8513639
4532,2,0.8500793
4533,2,0.91077775
4534,0,0.8411578
4535,0,0.858563
4536,2,0.46051785
4537,1,0.91951424
4538,1,0.7004573
4539,2,0.91562265
4540,1,0.86419487
4541,3,0.8623957
4542,0,0.86847645
4543,3,0.8762772
4544,1,0.89981115
4545,2,0.886254
4546,2,0.48658782
4547,0,0.8845024
4548,0,0.85785466
4549,0,0.89778876
4550,2,0.7739794
4551,3,0.9017217
4552,1,0.8824974
4553,3,0.8820532
4554,2,0.81876355
4555,2,0.88493913
4556,0,0.9028185
4557,0,0.914294
4558,1,0.56128776
4559,2,0.90531796
4560,1,0.8852478
4561,1,0.5321372
4562,1,0.89533246
4563,0,0.91223866
4564,2,0.8897243
4565,1,0.865468
4566,0,0.8243914
4567,1,0.8467118
4568,3,0.50848323
4569,0,0.6573632
4570,2,0.55344796
4571,3,0.6776407
4572,1,0.89534235
4573,1,0.9242437
4574,0,0.8793611
4575,0,0.8884872
4576,3,0.8986513
4577,1,0.8963605
4578,1,0.7293473
4579,2,0.871768
4580,0,0.8761822
4581,0,0.8663718
4582,0,0.8376308
4583,3,0.88019687
4584,2,0.475475
4585,0,0.7912194
4586,3,0.923378
4587,1,0.9192054
4588,1,0.8366272
4589,0,0.88501346
4590,1,0.89189976
4591,2,0.71783024
4592,0,0.854089
4593,0,0.9182648
4594,3,0.8927665
4595,0,0.86029077
4596,2,0.5405603
4597,3,0.9114355
4598,0,0.7598912
4599,3,0.41296062
4600,0,0.6253981
4601,1,0.89179873
4602,1,0.67668116
4603,0,0.92755437
4604,1,0.9133405
4605,1,0.87463206
4606,0,0.7639039
4607,0,0.8172081
4608,0,0.74149764
4609,0,0.91740775
4610,1,0.84573317
4611,2,0.51632595
4612,3,0.89895844
4613,0,0.68575495
4614,0,0.9218928
4615,1,0.88033205
4616,0,0.8323051
4617,1,0.880061
4618,0,0.9041013
4619,2,0.87921166
4620,1,0.8883875
4621,0,0.91268885
4622,3,0.71631265
4623,3,0.83471185
4624,3,0.9058549
4625,2,0.92551464
4626,2,0.88446563
4627,2,0.84899074
4628,2,0.86588466
4629,3,0.8271641
4630,1,0.7020247
4631,0,0.68826705
4632,3,0.7922453
4633,0,0.91238236
4634,1,0.86864465
4635,0,0.93045783
4636,1,0.52964914
4637,2,0.9217043
4638,1,0.91032743
4639,2,0.60000855
4640,3,0.9289708
4641,0,0.88848263
4642,2,0.6693294
4643,0,0.6099553
4644,0,0.9282772
4645,3,0.89469075
4646,1,0.85825425
4647,1,0.83914393
4648,0,0.8701004
4649,0,0.65744084
4650,0,0.49180642
4651,3,0.8963236
4652,2,0.588555
4653,3,0.89597124
4654,2,0.84424335
4655,0,0.89868855
4656,1,0.883085
4657,0,0.9156099
4658,0,0.5055644
4659,3,0.90423113
4660,0,0.8869723
4661,3,0.8738182
4662,3,0.8340891
4663,0,0.90447617
4664,0,0.9122362
4665,2,0.78492785
4666,3,0.8619933
4667,1,0.89605147
4668,3,0.9233311
4669,0,0.89843374
4670,0,0.509722
4671,0,0.8306691
4672,0,0.5216341
